Project,Bug,Patch,TSSeed,NumberOfTests,NumberOfFailingTests
Chart,13,chart13_Seed10_d_227.patch,1,28,0
Chart,13,chart13_Seed10_d_227.patch,2,28,0
Chart,13,chart13_Seed10_d_227.patch,3,28,0
Chart,13,chart13_Seed10_d_227.patch,4,28,0
Chart,13,chart13_Seed10_d_227.patch,5,28,0
Chart,13,chart13_Seed10_d_227.patch,6,28,0
Chart,13,chart13_Seed10_d_227.patch,7,29,1
Chart,13,chart13_Seed10_d_227.patch,8,29,0
Chart,13,chart13_Seed10_d_227.patch,9,28,1
Chart,13,chart13_Seed10_d_227.patch,10,29,0
Chart,13,chart13_Seed19_r_227_263.patch,1,28,0
Chart,13,chart13_Seed19_r_227_263.patch,2,28,0
Chart,13,chart13_Seed19_r_227_263.patch,3,28,0
Chart,13,chart13_Seed19_r_227_263.patch,4,28,0
Chart,13,chart13_Seed19_r_227_263.patch,5,28,0
Chart,13,chart13_Seed19_r_227_263.patch,6,28,0
Chart,13,chart13_Seed19_r_227_263.patch,7,29,1
Chart,13,chart13_Seed19_r_227_263.patch,8,29,0
Chart,13,chart13_Seed19_r_227_263.patch,9,28,1
Chart,13,chart13_Seed19_r_227_263.patch,10,29,0
Chart,13,chart13_Seed1_d_233.patch,1,28,1
Chart,13,chart13_Seed1_d_233.patch,2,28,1
Chart,13,chart13_Seed1_d_233.patch,3,28,1
Chart,13,chart13_Seed1_d_233.patch,4,28,1
Chart,13,chart13_Seed1_d_233.patch,5,28,0
Chart,13,chart13_Seed1_d_233.patch,6,28,0
Chart,13,chart13_Seed1_d_233.patch,7,29,0
Chart,13,chart13_Seed1_d_233.patch,8,29,1
Chart,13,chart13_Seed1_d_233.patch,9,28,0
Chart,13,chart13_Seed1_d_233.patch,10,29,0
Chart,13,chart13_Seed20_a_225_263.patch,1,28,0
Chart,13,chart13_Seed20_a_225_263.patch,2,28,0
Chart,13,chart13_Seed20_a_225_263.patch,3,28,0
Chart,13,chart13_Seed20_a_225_263.patch,4,28,0
Chart,13,chart13_Seed20_a_225_263.patch,5,28,0
Chart,13,chart13_Seed20_a_225_263.patch,6,28,0
Chart,13,chart13_Seed20_a_225_263.patch,7,29,1
Chart,13,chart13_Seed20_a_225_263.patch,8,29,0
Chart,13,chart13_Seed20_a_225_263.patch,9,28,1
Chart,13,chart13_Seed20_a_225_263.patch,10,29,0
Chart,13,chart13_Seed2_d_226.patch,1,28,0
Chart,13,chart13_Seed2_d_226.patch,2,28,0
Chart,13,chart13_Seed2_d_226.patch,3,28,0
Chart,13,chart13_Seed2_d_226.patch,4,28,0
Chart,13,chart13_Seed2_d_226.patch,5,28,0
Chart,13,chart13_Seed2_d_226.patch,6,28,0
Chart,13,chart13_Seed2_d_226.patch,7,29,1
Chart,13,chart13_Seed2_d_226.patch,8,29,0
Chart,13,chart13_Seed2_d_226.patch,9,28,1
Chart,13,chart13_Seed2_d_226.patch,10,29,0
Chart,13,chart13_Seed7_r_232_263.patch,1,28,1
Chart,13,chart13_Seed7_r_232_263.patch,2,28,1
Chart,13,chart13_Seed7_r_232_263.patch,3,28,1
Chart,13,chart13_Seed7_r_232_263.patch,4,28,1
Chart,13,chart13_Seed7_r_232_263.patch,5,28,0
Chart,13,chart13_Seed7_r_232_263.patch,6,28,0
Chart,13,chart13_Seed7_r_232_263.patch,7,29,0
Chart,13,chart13_Seed7_r_232_263.patch,8,29,1
Chart,13,chart13_Seed7_r_232_263.patch,9,28,0
Chart,13,chart13_Seed7_r_232_263.patch,10,29,0
Chart,13,chart13_Seed9_a_214_264.patch,1,28,1
Chart,13,chart13_Seed9_a_214_264.patch,2,28,1
Chart,13,chart13_Seed9_a_214_264.patch,3,28,1
Chart,13,chart13_Seed9_a_214_264.patch,4,28,1
Chart,13,chart13_Seed9_a_214_264.patch,5,28,0
Chart,13,chart13_Seed9_a_214_264.patch,6,28,0
Chart,13,chart13_Seed9_a_214_264.patch,7,29,0
Chart,13,chart13_Seed9_a_214_264.patch,8,29,1
Chart,13,chart13_Seed9_a_214_264.patch,9,28,0
Chart,13,chart13_Seed9_a_214_264.patch,10,29,0
Chart,1,chart1_Seed1_d_603.patch,1,67,0
Chart,1,chart1_Seed1_d_603.patch,2,73,1
Chart,1,chart1_Seed1_d_603.patch,3,71,1
Chart,1,chart1_Seed1_d_603.patch,4,78,1
Chart,1,chart1_Seed1_d_603.patch,5,73,1
Chart,1,chart1_Seed1_d_603.patch,6,67,1
Chart,1,chart1_Seed1_d_603.patch,7,73,1
Chart,1,chart1_Seed1_d_603.patch,8,73,1
Chart,1,chart1_Seed1_d_603.patch,9,71,1
Chart,1,chart1_Seed1_d_603.patch,10,67,0
Chart,1,chart1_Seed5_r_603_12.patch,1,67,0
Chart,1,chart1_Seed5_r_603_12.patch,2,73,1
Chart,1,chart1_Seed5_r_603_12.patch,3,71,1
Chart,1,chart1_Seed5_r_603_12.patch,4,78,1
Chart,1,chart1_Seed5_r_603_12.patch,5,73,1
Chart,1,chart1_Seed5_r_603_12.patch,6,67,1
Chart,1,chart1_Seed5_r_603_12.patch,7,73,1
Chart,1,chart1_Seed5_r_603_12.patch,8,73,1
Chart,1,chart1_Seed5_r_603_12.patch,9,71,1
Chart,1,chart1_Seed5_r_603_12.patch,10,67,0
Chart,1,chart1_Seed7_d_601.patch,1,67,0
Chart,1,chart1_Seed7_d_601.patch,2,73,1
Chart,1,chart1_Seed7_d_601.patch,3,71,1
Chart,1,chart1_Seed7_d_601.patch,4,78,1
Chart,1,chart1_Seed7_d_601.patch,5,73,1
Chart,1,chart1_Seed7_d_601.patch,6,67,1
Chart,1,chart1_Seed7_d_601.patch,7,73,1
Chart,1,chart1_Seed7_d_601.patch,8,73,1
Chart,1,chart1_Seed7_d_601.patch,9,71,1
Chart,1,chart1_Seed7_d_601.patch,10,67,0
Chart,1,chart1_Seed9_d_602.patch,1,67,0
Chart,1,chart1_Seed9_d_602.patch,2,73,1
Chart,1,chart1_Seed9_d_602.patch,3,71,1
Chart,1,chart1_Seed9_d_602.patch,4,78,1
Chart,1,chart1_Seed9_d_602.patch,5,73,1
Chart,1,chart1_Seed9_d_602.patch,6,67,1
Chart,1,chart1_Seed9_d_602.patch,7,73,1
Chart,1,chart1_Seed9_d_602.patch,8,73,1
Chart,1,chart1_Seed9_d_602.patch,9,71,1
Chart,1,chart1_Seed9_d_602.patch,10,67,0
Chart,21,chart21_Seed16_a_48_38.patch,1,35,0
Chart,21,chart21_Seed16_a_48_38.patch,2,34,0
Chart,21,chart21_Seed16_a_48_38.patch,3,37,0
Chart,21,chart21_Seed16_a_48_38.patch,4,35,0
Chart,21,chart21_Seed16_a_48_38.patch,5,32,2
Chart,21,chart21_Seed16_a_48_38.patch,6,34,1
Chart,21,chart21_Seed16_a_48_38.patch,7,36,0
Chart,21,chart21_Seed16_a_48_38.patch,8,36,0
Chart,21,chart21_Seed16_a_48_38.patch,9,37,0
Chart,21,chart21_Seed16_a_48_38.patch,10,37,1
Chart,25,chart25_Seed15_r_20_172.patch,1,14,4
Chart,25,chart25_Seed15_r_20_172.patch,2,22,3
Chart,25,chart25_Seed15_r_20_172.patch,3,23,4
Chart,25,chart25_Seed15_r_20_172.patch,4,14,1
Chart,25,chart25_Seed15_r_20_172.patch,5,11,1
Chart,25,chart25_Seed15_r_20_172.patch,6,20,2
Chart,25,chart25_Seed15_r_20_172.patch,7,20,2
Chart,25,chart25_Seed15_r_20_172.patch,8,17,2
Chart,25,chart25_Seed15_r_20_172.patch,9,19,3
Chart,25,chart25_Seed15_r_20_172.patch,10,14,3
Chart,25,chart25_Seed1_r_21_23.patch,1,14,3
Chart,25,chart25_Seed1_r_21_23.patch,2,22,4
Chart,25,chart25_Seed1_r_21_23.patch,3,23,5
Chart,25,chart25_Seed1_r_21_23.patch,4,14,1
Chart,25,chart25_Seed1_r_21_23.patch,5,11,1
Chart,25,chart25_Seed1_r_21_23.patch,6,20,2
Chart,25,chart25_Seed1_r_21_23.patch,7,20,2
Chart,25,chart25_Seed1_r_21_23.patch,8,17,3
Chart,25,chart25_Seed1_r_21_23.patch,9,19,3
Chart,25,chart25_Seed1_r_21_23.patch,10,14,3
Chart,25,chart25_Seed2_d_20.patch,1,14,3
Chart,25,chart25_Seed2_d_20.patch,2,22,4
Chart,25,chart25_Seed2_d_20.patch,3,23,5
Chart,25,chart25_Seed2_d_20.patch,4,14,1
Chart,25,chart25_Seed2_d_20.patch,5,11,1
Chart,25,chart25_Seed2_d_20.patch,6,20,2
Chart,25,chart25_Seed2_d_20.patch,7,20,2
Chart,25,chart25_Seed2_d_20.patch,8,17,3
Chart,25,chart25_Seed2_d_20.patch,9,19,3
Chart,25,chart25_Seed2_d_20.patch,10,14,3
Chart,25,chart25_Seed3_r_20_15.patch,1,14,3
Chart,25,chart25_Seed3_r_20_15.patch,2,22,4
Chart,25,chart25_Seed3_r_20_15.patch,3,23,5
Chart,25,chart25_Seed3_r_20_15.patch,4,14,1
Chart,25,chart25_Seed3_r_20_15.patch,5,11,1
Chart,25,chart25_Seed3_r_20_15.patch,6,20,2
Chart,25,chart25_Seed3_r_20_15.patch,7,20,2
Chart,25,chart25_Seed3_r_20_15.patch,8,17,3
Chart,25,chart25_Seed3_r_20_15.patch,9,19,3
Chart,25,chart25_Seed3_r_20_15.patch,10,14,3
Chart,25,chart25_Seed5_r_20_2.patch,1,14,3
Chart,25,chart25_Seed5_r_20_2.patch,2,22,4
Chart,25,chart25_Seed5_r_20_2.patch,3,23,5
Chart,25,chart25_Seed5_r_20_2.patch,4,14,1
Chart,25,chart25_Seed5_r_20_2.patch,5,11,1
Chart,25,chart25_Seed5_r_20_2.patch,6,20,2
Chart,25,chart25_Seed5_r_20_2.patch,7,20,2
Chart,25,chart25_Seed5_r_20_2.patch,8,17,3
Chart,25,chart25_Seed5_r_20_2.patch,9,19,3
Chart,25,chart25_Seed5_r_20_2.patch,10,14,3
Chart,25,chart25_Seed6_r_20_171.patch,1,14,4
Chart,25,chart25_Seed6_r_20_171.patch,2,22,2
Chart,25,chart25_Seed6_r_20_171.patch,3,23,4
Chart,25,chart25_Seed6_r_20_171.patch,4,14,1
Chart,25,chart25_Seed6_r_20_171.patch,5,11,1
Chart,25,chart25_Seed6_r_20_171.patch,6,20,2
Chart,25,chart25_Seed6_r_20_171.patch,7,20,2
Chart,25,chart25_Seed6_r_20_171.patch,8,17,2
Chart,25,chart25_Seed6_r_20_171.patch,9,19,3
Chart,25,chart25_Seed6_r_20_171.patch,10,14,3
Chart,25,chart25_Seed9_r_20_91.patch,1,14,4
Chart,25,chart25_Seed9_r_20_91.patch,2,22,2
Chart,25,chart25_Seed9_r_20_91.patch,3,23,4
Chart,25,chart25_Seed9_r_20_91.patch,4,14,1
Chart,25,chart25_Seed9_r_20_91.patch,5,11,1
Chart,25,chart25_Seed9_r_20_91.patch,6,20,2
Chart,25,chart25_Seed9_r_20_91.patch,7,20,2
Chart,25,chart25_Seed9_r_20_91.patch,8,17,2
Chart,25,chart25_Seed9_r_20_91.patch,9,19,2
Chart,25,chart25_Seed9_r_20_91.patch,10,14,4
Chart,26,chart26_Seed10_d_283.patch,1,45,1
Chart,26,chart26_Seed10_d_283.patch,2,46,0
Chart,26,chart26_Seed10_d_283.patch,3,47,0
Chart,26,chart26_Seed10_d_283.patch,4,57,0
Chart,26,chart26_Seed10_d_283.patch,5,60,0
Chart,26,chart26_Seed10_d_283.patch,6,48,1
Chart,26,chart26_Seed10_d_283.patch,7,46,0
Chart,26,chart26_Seed10_d_283.patch,8,46,0
Chart,26,chart26_Seed10_d_283.patch,9,44,0
Chart,26,chart26_Seed10_d_283.patch,10,48,0
Chart,26,chart26_Seed15_r_235_401.patch,1,45,1
Chart,26,chart26_Seed15_r_235_401.patch,2,46,1
Chart,26,chart26_Seed15_r_235_401.patch,3,47,0
Chart,26,chart26_Seed15_r_235_401.patch,4,57,0
Chart,26,chart26_Seed15_r_235_401.patch,5,60,0
Chart,26,chart26_Seed15_r_235_401.patch,6,48,1
Chart,26,chart26_Seed15_r_235_401.patch,7,46,0
Chart,26,chart26_Seed15_r_235_401.patch,8,46,2
Chart,26,chart26_Seed15_r_235_401.patch,9,44,0
Chart,26,chart26_Seed15_r_235_401.patch,10,48,1
Chart,26,chart26_Seed17_r_235_160.patch,1,45,1
Chart,26,chart26_Seed17_r_235_160.patch,2,46,1
Chart,26,chart26_Seed17_r_235_160.patch,3,47,0
Chart,26,chart26_Seed17_r_235_160.patch,4,57,0
Chart,26,chart26_Seed17_r_235_160.patch,5,60,0
Chart,26,chart26_Seed17_r_235_160.patch,6,48,1
Chart,26,chart26_Seed17_r_235_160.patch,7,46,0
Chart,26,chart26_Seed17_r_235_160.patch,8,46,2
Chart,26,chart26_Seed17_r_235_160.patch,9,44,0
Chart,26,chart26_Seed17_r_235_160.patch,10,48,1
Chart,26,chart26_Seed2_r_235_10.patch,1,45,1
Chart,26,chart26_Seed2_r_235_10.patch,2,46,1
Chart,26,chart26_Seed2_r_235_10.patch,3,47,0
Chart,26,chart26_Seed2_r_235_10.patch,4,57,0
Chart,26,chart26_Seed2_r_235_10.patch,5,60,0
Chart,26,chart26_Seed2_r_235_10.patch,6,48,1
Chart,26,chart26_Seed2_r_235_10.patch,7,46,0
Chart,26,chart26_Seed2_r_235_10.patch,8,46,2
Chart,26,chart26_Seed2_r_235_10.patch,9,44,0
Chart,26,chart26_Seed2_r_235_10.patch,10,48,1
Chart,26,chart26_Seed3_d_284.patch,1,45,1
Chart,26,chart26_Seed3_d_284.patch,2,46,0
Chart,26,chart26_Seed3_d_284.patch,3,47,0
Chart,26,chart26_Seed3_d_284.patch,4,57,0
Chart,26,chart26_Seed3_d_284.patch,5,60,0
Chart,26,chart26_Seed3_d_284.patch,6,48,1
Chart,26,chart26_Seed3_d_284.patch,7,46,0
Chart,26,chart26_Seed3_d_284.patch,8,46,0
Chart,26,chart26_Seed3_d_284.patch,9,44,0
Chart,26,chart26_Seed3_d_284.patch,10,48,0
Chart,26,chart26_Seed5_d_235.patch,1,45,1
Chart,26,chart26_Seed5_d_235.patch,2,46,1
Chart,26,chart26_Seed5_d_235.patch,3,47,0
Chart,26,chart26_Seed5_d_235.patch,4,57,0
Chart,26,chart26_Seed5_d_235.patch,5,60,0
Chart,26,chart26_Seed5_d_235.patch,6,48,1
Chart,26,chart26_Seed5_d_235.patch,7,46,0
Chart,26,chart26_Seed5_d_235.patch,8,46,2
Chart,26,chart26_Seed5_d_235.patch,9,44,0
Chart,26,chart26_Seed5_d_235.patch,10,48,1
Chart,26,chart26_Seed6_r_235_51.patch,1,45,1
Chart,26,chart26_Seed6_r_235_51.patch,2,46,1
Chart,26,chart26_Seed6_r_235_51.patch,3,47,0
Chart,26,chart26_Seed6_r_235_51.patch,4,57,0
Chart,26,chart26_Seed6_r_235_51.patch,5,60,0
Chart,26,chart26_Seed6_r_235_51.patch,6,48,1
Chart,26,chart26_Seed6_r_235_51.patch,7,46,0
Chart,26,chart26_Seed6_r_235_51.patch,8,46,2
Chart,26,chart26_Seed6_r_235_51.patch,9,44,0
Chart,26,chart26_Seed6_r_235_51.patch,10,48,1
Chart,26,chart26_Seed7_r_235_16.patch,1,45,1
Chart,26,chart26_Seed7_r_235_16.patch,2,46,1
Chart,26,chart26_Seed7_r_235_16.patch,3,47,0
Chart,26,chart26_Seed7_r_235_16.patch,4,57,0
Chart,26,chart26_Seed7_r_235_16.patch,5,60,0
Chart,26,chart26_Seed7_r_235_16.patch,6,48,1
Chart,26,chart26_Seed7_r_235_16.patch,7,46,1
Chart,26,chart26_Seed7_r_235_16.patch,8,46,2
Chart,26,chart26_Seed7_r_235_16.patch,9,44,0
Chart,26,chart26_Seed7_r_235_16.patch,10,48,1
Chart,26,chart26_Seed8_r_283_82.patch,1,45,1
Chart,26,chart26_Seed8_r_283_82.patch,2,46,0
Chart,26,chart26_Seed8_r_283_82.patch,3,47,0
Chart,26,chart26_Seed8_r_283_82.patch,4,57,0
Chart,26,chart26_Seed8_r_283_82.patch,5,60,0
Chart,26,chart26_Seed8_r_283_82.patch,6,48,1
Chart,26,chart26_Seed8_r_283_82.patch,7,46,0
Chart,26,chart26_Seed8_r_283_82.patch,8,46,0
Chart,26,chart26_Seed8_r_283_82.patch,9,44,0
Chart,26,chart26_Seed8_r_283_82.patch,10,48,0
Chart,26,chart26_Seed9_r_284_2.patch,1,45,1
Chart,26,chart26_Seed9_r_284_2.patch,2,46,0
Chart,26,chart26_Seed9_r_284_2.patch,3,47,0
Chart,26,chart26_Seed9_r_284_2.patch,4,57,0
Chart,26,chart26_Seed9_r_284_2.patch,5,60,0
Chart,26,chart26_Seed9_r_284_2.patch,6,48,1
Chart,26,chart26_Seed9_r_284_2.patch,7,46,0
Chart,26,chart26_Seed9_r_284_2.patch,8,46,0
Chart,26,chart26_Seed9_r_284_2.patch,9,44,0
Chart,26,chart26_Seed9_r_284_2.patch,10,48,0
Chart,3,chart3_Seed13_a_109_273.patch,1,54,0
Chart,3,chart3_Seed13_a_109_273.patch,2,55,0
Chart,3,chart3_Seed13_a_109_273.patch,3,53,0
Chart,3,chart3_Seed13_a_109_273.patch,4,54,0
Chart,3,chart3_Seed13_a_109_273.patch,5,54,0
Chart,3,chart3_Seed13_a_109_273.patch,6,54,0
Chart,3,chart3_Seed13_a_109_273.patch,7,55,0
Chart,3,chart3_Seed13_a_109_273.patch,8,54,0
Chart,3,chart3_Seed13_a_109_273.patch,9,52,0
Chart,3,chart3_Seed13_a_109_273.patch,10,52,0
Chart,3,chart3_Seed5_a_133_331.patch,1,54,0
Chart,3,chart3_Seed5_a_133_331.patch,2,55,0
Chart,3,chart3_Seed5_a_133_331.patch,3,53,0
Chart,3,chart3_Seed5_a_133_331.patch,4,54,0
Chart,3,chart3_Seed5_a_133_331.patch,5,54,0
Chart,3,chart3_Seed5_a_133_331.patch,6,54,0
Chart,3,chart3_Seed5_a_133_331.patch,7,55,0
Chart,3,chart3_Seed5_a_133_331.patch,8,54,0
Chart,3,chart3_Seed5_a_133_331.patch,9,52,0
Chart,3,chart3_Seed5_a_133_331.patch,10,52,0
Chart,3,chart3_Seed7_r_158_300.patch,1,54,0
Chart,3,chart3_Seed7_r_158_300.patch,2,55,0
Chart,3,chart3_Seed7_r_158_300.patch,3,53,0
Chart,3,chart3_Seed7_r_158_300.patch,4,54,0
Chart,3,chart3_Seed7_r_158_300.patch,5,54,0
Chart,3,chart3_Seed7_r_158_300.patch,6,54,0
Chart,3,chart3_Seed7_r_158_300.patch,7,55,0
Chart,3,chart3_Seed7_r_158_300.patch,8,54,0
Chart,3,chart3_Seed7_r_158_300.patch,9,52,0
Chart,3,chart3_Seed7_r_158_300.patch,10,52,0
Chart,3,chart3_Seed9_a_137_244.patch,1,54,0
Chart,3,chart3_Seed9_a_137_244.patch,2,55,0
Chart,3,chart3_Seed9_a_137_244.patch,3,53,0
Chart,3,chart3_Seed9_a_137_244.patch,4,54,0
Chart,3,chart3_Seed9_a_137_244.patch,5,54,0
Chart,3,chart3_Seed9_a_137_244.patch,6,54,0
Chart,3,chart3_Seed9_a_137_244.patch,7,55,0
Chart,3,chart3_Seed9_a_137_244.patch,8,54,0
Chart,3,chart3_Seed9_a_137_244.patch,9,52,0
Chart,3,chart3_Seed9_a_137_244.patch,10,52,0
Chart,5,chart5_Seed10_r_136_139.patch,1,38,0
Chart,5,chart5_Seed10_r_136_139.patch,2,38,0
Chart,5,chart5_Seed10_r_136_139.patch,3,35,0
Chart,5,chart5_Seed10_r_136_139.patch,4,32,0
Chart,5,chart5_Seed10_r_136_139.patch,5,34,0
Chart,5,chart5_Seed10_r_136_139.patch,6,34,0
Chart,5,chart5_Seed10_r_136_139.patch,7,34,0
Chart,5,chart5_Seed10_r_136_139.patch,8,36,0
Chart,5,chart5_Seed10_r_136_139.patch,9,38,0
Chart,5,chart5_Seed10_r_136_139.patch,10,35,0
Chart,5,chart5_Seed16_r_137_139.patch,1,38,0
Chart,5,chart5_Seed16_r_137_139.patch,2,38,0
Chart,5,chart5_Seed16_r_137_139.patch,3,35,0
Chart,5,chart5_Seed16_r_137_139.patch,4,32,0
Chart,5,chart5_Seed16_r_137_139.patch,5,34,0
Chart,5,chart5_Seed16_r_137_139.patch,6,34,0
Chart,5,chart5_Seed16_r_137_139.patch,7,34,0
Chart,5,chart5_Seed16_r_137_139.patch,8,36,0
Chart,5,chart5_Seed16_r_137_139.patch,9,38,0
Chart,5,chart5_Seed16_r_137_139.patch,10,35,0
Chart,5,chart5_Seed2_r_137_40.patch,1,38,0
Chart,5,chart5_Seed2_r_137_40.patch,2,38,0
Chart,5,chart5_Seed2_r_137_40.patch,3,35,0
Chart,5,chart5_Seed2_r_137_40.patch,4,32,0
Chart,5,chart5_Seed2_r_137_40.patch,5,34,0
Chart,5,chart5_Seed2_r_137_40.patch,6,34,0
Chart,5,chart5_Seed2_r_137_40.patch,7,34,0
Chart,5,chart5_Seed2_r_137_40.patch,8,36,0
Chart,5,chart5_Seed2_r_137_40.patch,9,38,0
Chart,5,chart5_Seed2_r_137_40.patch,10,35,0
Chart,5,chart5_Seed6_r_136_40.patch,1,38,0
Chart,5,chart5_Seed6_r_136_40.patch,2,38,0
Chart,5,chart5_Seed6_r_136_40.patch,3,35,0
Chart,5,chart5_Seed6_r_136_40.patch,4,32,0
Chart,5,chart5_Seed6_r_136_40.patch,5,34,0
Chart,5,chart5_Seed6_r_136_40.patch,6,34,0
Chart,5,chart5_Seed6_r_136_40.patch,7,34,0
Chart,5,chart5_Seed6_r_136_40.patch,8,36,0
Chart,5,chart5_Seed6_r_136_40.patch,9,38,0
Chart,5,chart5_Seed6_r_136_40.patch,10,35,0
Closure,107,closure107_Seed11_d_197.patch,1,2,0
Closure,107,closure107_Seed11_d_197.patch,2,5,0
Closure,107,closure107_Seed11_d_197.patch,3,3,0
Closure,107,closure107_Seed11_d_197.patch,4,2,0
Closure,107,closure107_Seed11_d_197.patch,5,2,0
Closure,107,closure107_Seed11_d_197.patch,6,3,0
Closure,107,closure107_Seed11_d_197.patch,7,4,0
Closure,107,closure107_Seed11_d_197.patch,8,3,0
Closure,107,closure107_Seed11_d_197.patch,9,4,0
Closure,107,closure107_Seed11_d_197.patch,10,2,0
Closure,107,closure107_Seed16_d_204.patch,1,2,0
Closure,107,closure107_Seed16_d_204.patch,2,5,0
Closure,107,closure107_Seed16_d_204.patch,3,3,0
Closure,107,closure107_Seed16_d_204.patch,4,2,0
Closure,107,closure107_Seed16_d_204.patch,5,2,0
Closure,107,closure107_Seed16_d_204.patch,6,3,0
Closure,107,closure107_Seed16_d_204.patch,7,4,0
Closure,107,closure107_Seed16_d_204.patch,8,3,0
Closure,107,closure107_Seed16_d_204.patch,9,4,0
Closure,107,closure107_Seed16_d_204.patch,10,2,0
Closure,107,closure107_Seed1_r_197_128.patch,1,2,0
Closure,107,closure107_Seed1_r_197_128.patch,2,5,0
Closure,107,closure107_Seed1_r_197_128.patch,3,3,0
Closure,107,closure107_Seed1_r_197_128.patch,4,2,0
Closure,107,closure107_Seed1_r_197_128.patch,5,2,0
Closure,107,closure107_Seed1_r_197_128.patch,6,3,0
Closure,107,closure107_Seed1_r_197_128.patch,7,4,0
Closure,107,closure107_Seed1_r_197_128.patch,8,3,0
Closure,107,closure107_Seed1_r_197_128.patch,9,4,0
Closure,107,closure107_Seed1_r_197_128.patch,10,2,0
Closure,107,closure107_Seed20_r_204_127.patch,1,2,0
Closure,107,closure107_Seed20_r_204_127.patch,2,5,0
Closure,107,closure107_Seed20_r_204_127.patch,3,3,0
Closure,107,closure107_Seed20_r_204_127.patch,4,2,0
Closure,107,closure107_Seed20_r_204_127.patch,5,2,0
Closure,107,closure107_Seed20_r_204_127.patch,6,3,0
Closure,107,closure107_Seed20_r_204_127.patch,7,4,0
Closure,107,closure107_Seed20_r_204_127.patch,8,3,0
Closure,107,closure107_Seed20_r_204_127.patch,9,4,0
Closure,107,closure107_Seed20_r_204_127.patch,10,2,0
Closure,107,closure107_Seed2_r_206_147.patch,1,2,0
Closure,107,closure107_Seed2_r_206_147.patch,2,5,0
Closure,107,closure107_Seed2_r_206_147.patch,3,3,0
Closure,107,closure107_Seed2_r_206_147.patch,4,2,0
Closure,107,closure107_Seed2_r_206_147.patch,5,2,0
Closure,107,closure107_Seed2_r_206_147.patch,6,3,0
Closure,107,closure107_Seed2_r_206_147.patch,7,4,0
Closure,107,closure107_Seed2_r_206_147.patch,8,3,0
Closure,107,closure107_Seed2_r_206_147.patch,9,4,0
Closure,107,closure107_Seed2_r_206_147.patch,10,2,0
Closure,107,closure107_Seed3_r_205_176.patch,1,2,0
Closure,107,closure107_Seed3_r_205_176.patch,2,5,0
Closure,107,closure107_Seed3_r_205_176.patch,3,3,0
Closure,107,closure107_Seed3_r_205_176.patch,4,2,0
Closure,107,closure107_Seed3_r_205_176.patch,5,2,0
Closure,107,closure107_Seed3_r_205_176.patch,6,3,0
Closure,107,closure107_Seed3_r_205_176.patch,7,4,0
Closure,107,closure107_Seed3_r_205_176.patch,8,3,0
Closure,107,closure107_Seed3_r_205_176.patch,9,4,0
Closure,107,closure107_Seed3_r_205_176.patch,10,2,0
Closure,107,closure107_Seed4_d_205.patch,1,2,0
Closure,107,closure107_Seed4_d_205.patch,2,5,0
Closure,107,closure107_Seed4_d_205.patch,3,3,0
Closure,107,closure107_Seed4_d_205.patch,4,2,0
Closure,107,closure107_Seed4_d_205.patch,5,2,0
Closure,107,closure107_Seed4_d_205.patch,6,3,0
Closure,107,closure107_Seed4_d_205.patch,7,4,0
Closure,107,closure107_Seed4_d_205.patch,8,3,0
Closure,107,closure107_Seed4_d_205.patch,9,4,0
Closure,107,closure107_Seed4_d_205.patch,10,2,0
Closure,107,closure107_Seed5_r_197_176.patch,1,2,0
Closure,107,closure107_Seed5_r_197_176.patch,2,5,0
Closure,107,closure107_Seed5_r_197_176.patch,3,3,0
Closure,107,closure107_Seed5_r_197_176.patch,4,2,0
Closure,107,closure107_Seed5_r_197_176.patch,5,2,0
Closure,107,closure107_Seed5_r_197_176.patch,6,3,0
Closure,107,closure107_Seed5_r_197_176.patch,7,4,0
Closure,107,closure107_Seed5_r_197_176.patch,8,3,0
Closure,107,closure107_Seed5_r_197_176.patch,9,4,0
Closure,107,closure107_Seed5_r_197_176.patch,10,2,0
Closure,107,closure107_Seed6_r_205_127.patch,1,2,0
Closure,107,closure107_Seed6_r_205_127.patch,2,5,0
Closure,107,closure107_Seed6_r_205_127.patch,3,3,0
Closure,107,closure107_Seed6_r_205_127.patch,4,2,0
Closure,107,closure107_Seed6_r_205_127.patch,5,2,0
Closure,107,closure107_Seed6_r_205_127.patch,6,3,0
Closure,107,closure107_Seed6_r_205_127.patch,7,4,0
Closure,107,closure107_Seed6_r_205_127.patch,8,3,0
Closure,107,closure107_Seed6_r_205_127.patch,9,4,0
Closure,107,closure107_Seed6_r_205_127.patch,10,2,0
Closure,107,closure107_Seed7_r_205_147.patch,1,2,0
Closure,107,closure107_Seed7_r_205_147.patch,2,5,0
Closure,107,closure107_Seed7_r_205_147.patch,3,3,0
Closure,107,closure107_Seed7_r_205_147.patch,4,2,0
Closure,107,closure107_Seed7_r_205_147.patch,5,2,0
Closure,107,closure107_Seed7_r_205_147.patch,6,3,0
Closure,107,closure107_Seed7_r_205_147.patch,7,4,0
Closure,107,closure107_Seed7_r_205_147.patch,8,3,0
Closure,107,closure107_Seed7_r_205_147.patch,9,4,0
Closure,107,closure107_Seed7_r_205_147.patch,10,2,0
Closure,115,closure115_Seed14_d_250.patch,1,10,0
Closure,115,closure115_Seed14_d_250.patch,2,11,0
Closure,115,closure115_Seed14_d_250.patch,3,10,0
Closure,115,closure115_Seed14_d_250.patch,4,18,0
Closure,115,closure115_Seed14_d_250.patch,5,11,0
Closure,115,closure115_Seed14_d_250.patch,6,10,0
Closure,115,closure115_Seed14_d_250.patch,7,8,0
Closure,115,closure115_Seed14_d_250.patch,8,13,0
Closure,115,closure115_Seed14_d_250.patch,9,9,0
Closure,115,closure115_Seed14_d_250.patch,10,8,0
Closure,115,closure115_Seed17_r_271_36.patch,1,10,0
Closure,115,closure115_Seed17_r_271_36.patch,2,11,0
Closure,115,closure115_Seed17_r_271_36.patch,3,10,0
Closure,115,closure115_Seed17_r_271_36.patch,4,18,0
Closure,115,closure115_Seed17_r_271_36.patch,5,11,0
Closure,115,closure115_Seed17_r_271_36.patch,6,10,0
Closure,115,closure115_Seed17_r_271_36.patch,7,8,0
Closure,115,closure115_Seed17_r_271_36.patch,8,13,0
Closure,115,closure115_Seed17_r_271_36.patch,9,9,0
Closure,115,closure115_Seed17_r_271_36.patch,10,8,0
Closure,115,closure115_Seed18_d_251.patch,1,10,0
Closure,115,closure115_Seed18_d_251.patch,2,11,0
Closure,115,closure115_Seed18_d_251.patch,3,10,0
Closure,115,closure115_Seed18_d_251.patch,4,18,0
Closure,115,closure115_Seed18_d_251.patch,5,11,0
Closure,115,closure115_Seed18_d_251.patch,6,10,0
Closure,115,closure115_Seed18_d_251.patch,7,8,0
Closure,115,closure115_Seed18_d_251.patch,8,13,0
Closure,115,closure115_Seed18_d_251.patch,9,9,0
Closure,115,closure115_Seed18_d_251.patch,10,8,0
Closure,115,closure115_Seed1_d_271.patch,1,10,0
Closure,115,closure115_Seed1_d_271.patch,2,11,0
Closure,115,closure115_Seed1_d_271.patch,3,10,0
Closure,115,closure115_Seed1_d_271.patch,4,18,0
Closure,115,closure115_Seed1_d_271.patch,5,11,0
Closure,115,closure115_Seed1_d_271.patch,6,10,0
Closure,115,closure115_Seed1_d_271.patch,7,8,0
Closure,115,closure115_Seed1_d_271.patch,8,13,0
Closure,115,closure115_Seed1_d_271.patch,9,9,0
Closure,115,closure115_Seed1_d_271.patch,10,8,0
Closure,115,closure115_Seed20_d_249.patch,1,10,0
Closure,115,closure115_Seed20_d_249.patch,2,11,0
Closure,115,closure115_Seed20_d_249.patch,3,10,0
Closure,115,closure115_Seed20_d_249.patch,4,18,0
Closure,115,closure115_Seed20_d_249.patch,5,11,0
Closure,115,closure115_Seed20_d_249.patch,6,10,0
Closure,115,closure115_Seed20_d_249.patch,7,8,0
Closure,115,closure115_Seed20_d_249.patch,8,13,0
Closure,115,closure115_Seed20_d_249.patch,9,9,0
Closure,115,closure115_Seed20_d_249.patch,10,8,0
Closure,115,closure115_Seed2_d_272.patch,1,10,0
Closure,115,closure115_Seed2_d_272.patch,2,11,0
Closure,115,closure115_Seed2_d_272.patch,3,10,0
Closure,115,closure115_Seed2_d_272.patch,4,18,0
Closure,115,closure115_Seed2_d_272.patch,5,11,0
Closure,115,closure115_Seed2_d_272.patch,6,10,0
Closure,115,closure115_Seed2_d_272.patch,7,8,0
Closure,115,closure115_Seed2_d_272.patch,8,13,0
Closure,115,closure115_Seed2_d_272.patch,9,9,0
Closure,115,closure115_Seed2_d_272.patch,10,8,0
Closure,115,closure115_Seed3_r_272_357.patch,1,10,0
Closure,115,closure115_Seed3_r_272_357.patch,2,11,0
Closure,115,closure115_Seed3_r_272_357.patch,3,10,0
Closure,115,closure115_Seed3_r_272_357.patch,4,18,0
Closure,115,closure115_Seed3_r_272_357.patch,5,11,0
Closure,115,closure115_Seed3_r_272_357.patch,6,10,0
Closure,115,closure115_Seed3_r_272_357.patch,7,8,0
Closure,115,closure115_Seed3_r_272_357.patch,8,13,0
Closure,115,closure115_Seed3_r_272_357.patch,9,9,0
Closure,115,closure115_Seed3_r_272_357.patch,10,8,0
Closure,115,closure115_Seed4_d_246.patch,1,10,0
Closure,115,closure115_Seed4_d_246.patch,2,11,0
Closure,115,closure115_Seed4_d_246.patch,3,10,0
Closure,115,closure115_Seed4_d_246.patch,4,18,0
Closure,115,closure115_Seed4_d_246.patch,5,11,0
Closure,115,closure115_Seed4_d_246.patch,6,10,0
Closure,115,closure115_Seed4_d_246.patch,7,8,0
Closure,115,closure115_Seed4_d_246.patch,8,13,0
Closure,115,closure115_Seed4_d_246.patch,9,9,0
Closure,115,closure115_Seed4_d_246.patch,10,8,0
Closure,115,closure115_Seed7_r_272_358.patch,1,10,0
Closure,115,closure115_Seed7_r_272_358.patch,2,11,0
Closure,115,closure115_Seed7_r_272_358.patch,3,10,0
Closure,115,closure115_Seed7_r_272_358.patch,4,18,0
Closure,115,closure115_Seed7_r_272_358.patch,5,11,0
Closure,115,closure115_Seed7_r_272_358.patch,6,10,0
Closure,115,closure115_Seed7_r_272_358.patch,7,8,0
Closure,115,closure115_Seed7_r_272_358.patch,8,13,0
Closure,115,closure115_Seed7_r_272_358.patch,9,9,0
Closure,115,closure115_Seed7_r_272_358.patch,10,8,0
Closure,115,closure115_Seed8_d_270.patch,1,10,0
Closure,115,closure115_Seed8_d_270.patch,2,11,0
Closure,115,closure115_Seed8_d_270.patch,3,10,0
Closure,115,closure115_Seed8_d_270.patch,4,18,0
Closure,115,closure115_Seed8_d_270.patch,5,11,0
Closure,115,closure115_Seed8_d_270.patch,6,10,0
Closure,115,closure115_Seed8_d_270.patch,7,8,0
Closure,115,closure115_Seed8_d_270.patch,8,13,0
Closure,115,closure115_Seed8_d_270.patch,9,9,0
Closure,115,closure115_Seed8_d_270.patch,10,8,0
Closure,125,closure125_Seed3_d_798.patch,1,21,0
Closure,125,closure125_Seed3_d_798.patch,2,18,0
Closure,125,closure125_Seed3_d_798.patch,3,20,0
Closure,125,closure125_Seed3_d_798.patch,4,31,0
Closure,125,closure125_Seed3_d_798.patch,5,28,0
Closure,125,closure125_Seed3_d_798.patch,6,27,0
Closure,125,closure125_Seed3_d_798.patch,7,5,0
Closure,125,closure125_Seed3_d_798.patch,8,5,0
Closure,125,closure125_Seed3_d_798.patch,9,43,0
Closure,125,closure125_Seed3_d_798.patch,10,34,0
Closure,126,closure126_Seed11_r_49_0.patch,1,26,0
Closure,126,closure126_Seed11_r_49_0.patch,2,12,0
Closure,126,closure126_Seed11_r_49_0.patch,3,10,0
Closure,126,closure126_Seed11_r_49_0.patch,4,11,0
Closure,126,closure126_Seed11_r_49_0.patch,5,10,0
Closure,126,closure126_Seed11_r_49_0.patch,6,12,0
Closure,126,closure126_Seed11_r_49_0.patch,7,10,0
Closure,126,closure126_Seed11_r_49_0.patch,8,13,0
Closure,126,closure126_Seed11_r_49_0.patch,9,12,0
Closure,126,closure126_Seed11_r_49_0.patch,10,11,0
Closure,126,closure126_Seed13_r_49_24.patch,1,26,0
Closure,126,closure126_Seed13_r_49_24.patch,2,12,0
Closure,126,closure126_Seed13_r_49_24.patch,3,10,0
Closure,126,closure126_Seed13_r_49_24.patch,4,11,0
Closure,126,closure126_Seed13_r_49_24.patch,5,10,0
Closure,126,closure126_Seed13_r_49_24.patch,6,12,0
Closure,126,closure126_Seed13_r_49_24.patch,7,10,0
Closure,126,closure126_Seed13_r_49_24.patch,8,13,0
Closure,126,closure126_Seed13_r_49_24.patch,9,12,0
Closure,126,closure126_Seed13_r_49_24.patch,10,11,0
Closure,126,closure126_Seed15_r_52_58.patch,1,26,0
Closure,126,closure126_Seed15_r_52_58.patch,2,12,0
Closure,126,closure126_Seed15_r_52_58.patch,3,10,0
Closure,126,closure126_Seed15_r_52_58.patch,4,11,0
Closure,126,closure126_Seed15_r_52_58.patch,5,10,0
Closure,126,closure126_Seed15_r_52_58.patch,6,12,0
Closure,126,closure126_Seed15_r_52_58.patch,7,10,0
Closure,126,closure126_Seed15_r_52_58.patch,8,13,0
Closure,126,closure126_Seed15_r_52_58.patch,9,12,0
Closure,126,closure126_Seed15_r_52_58.patch,10,11,0
Closure,126,closure126_Seed16_r_52_1.patch,1,26,0
Closure,126,closure126_Seed16_r_52_1.patch,2,12,0
Closure,126,closure126_Seed16_r_52_1.patch,3,10,0
Closure,126,closure126_Seed16_r_52_1.patch,4,11,0
Closure,126,closure126_Seed16_r_52_1.patch,5,10,0
Closure,126,closure126_Seed16_r_52_1.patch,6,12,0
Closure,126,closure126_Seed16_r_52_1.patch,7,10,0
Closure,126,closure126_Seed16_r_52_1.patch,8,13,0
Closure,126,closure126_Seed16_r_52_1.patch,9,12,0
Closure,126,closure126_Seed16_r_52_1.patch,10,11,0
Closure,126,closure126_Seed1_d_52.patch,1,26,0
Closure,126,closure126_Seed1_d_52.patch,2,12,0
Closure,126,closure126_Seed1_d_52.patch,3,10,0
Closure,126,closure126_Seed1_d_52.patch,4,11,0
Closure,126,closure126_Seed1_d_52.patch,5,10,0
Closure,126,closure126_Seed1_d_52.patch,6,12,0
Closure,126,closure126_Seed1_d_52.patch,7,10,0
Closure,126,closure126_Seed1_d_52.patch,8,13,0
Closure,126,closure126_Seed1_d_52.patch,9,12,0
Closure,126,closure126_Seed1_d_52.patch,10,11,0
Closure,126,closure126_Seed2_r_50_1.patch,1,26,0
Closure,126,closure126_Seed2_r_50_1.patch,2,12,0
Closure,126,closure126_Seed2_r_50_1.patch,3,10,0
Closure,126,closure126_Seed2_r_50_1.patch,4,11,0
Closure,126,closure126_Seed2_r_50_1.patch,5,10,0
Closure,126,closure126_Seed2_r_50_1.patch,6,12,0
Closure,126,closure126_Seed2_r_50_1.patch,7,10,0
Closure,126,closure126_Seed2_r_50_1.patch,8,13,0
Closure,126,closure126_Seed2_r_50_1.patch,9,12,0
Closure,126,closure126_Seed2_r_50_1.patch,10,11,0
Closure,126,closure126_Seed3_d_49.patch,1,26,0
Closure,126,closure126_Seed3_d_49.patch,2,12,0
Closure,126,closure126_Seed3_d_49.patch,3,10,0
Closure,126,closure126_Seed3_d_49.patch,4,11,0
Closure,126,closure126_Seed3_d_49.patch,5,10,0
Closure,126,closure126_Seed3_d_49.patch,6,12,0
Closure,126,closure126_Seed3_d_49.patch,7,10,0
Closure,126,closure126_Seed3_d_49.patch,8,13,0
Closure,126,closure126_Seed3_d_49.patch,9,12,0
Closure,126,closure126_Seed3_d_49.patch,10,11,0
Closure,126,closure126_Seed6_r_52_0.patch,1,26,0
Closure,126,closure126_Seed6_r_52_0.patch,2,12,0
Closure,126,closure126_Seed6_r_52_0.patch,3,10,0
Closure,126,closure126_Seed6_r_52_0.patch,4,11,0
Closure,126,closure126_Seed6_r_52_0.patch,5,10,0
Closure,126,closure126_Seed6_r_52_0.patch,6,12,0
Closure,126,closure126_Seed6_r_52_0.patch,7,10,0
Closure,126,closure126_Seed6_r_52_0.patch,8,13,0
Closure,126,closure126_Seed6_r_52_0.patch,9,12,0
Closure,126,closure126_Seed6_r_52_0.patch,10,11,0
Closure,126,closure126_Seed8_d_50.patch,1,26,0
Closure,126,closure126_Seed8_d_50.patch,2,12,0
Closure,126,closure126_Seed8_d_50.patch,3,10,0
Closure,126,closure126_Seed8_d_50.patch,4,11,0
Closure,126,closure126_Seed8_d_50.patch,5,10,0
Closure,126,closure126_Seed8_d_50.patch,6,12,0
Closure,126,closure126_Seed8_d_50.patch,7,10,0
Closure,126,closure126_Seed8_d_50.patch,8,13,0
Closure,126,closure126_Seed8_d_50.patch,9,12,0
Closure,126,closure126_Seed8_d_50.patch,10,11,0
Closure,13,closure13_Seed10_d_64.patch,1,2,0
Closure,13,closure13_Seed10_d_64.patch,2,3,0
Closure,13,closure13_Seed10_d_64.patch,3,3,0
Closure,13,closure13_Seed10_d_64.patch,4,3,0
Closure,13,closure13_Seed10_d_64.patch,5,2,0
Closure,13,closure13_Seed10_d_64.patch,6,3,0
Closure,13,closure13_Seed10_d_64.patch,7,2,0
Closure,13,closure13_Seed10_d_64.patch,8,3,0
Closure,13,closure13_Seed10_d_64.patch,9,2,0
Closure,13,closure13_Seed10_d_64.patch,10,3,0
Closure,13,closure13_Seed12_r_56_45.patch,1,2,0
Closure,13,closure13_Seed12_r_56_45.patch,2,3,0
Closure,13,closure13_Seed12_r_56_45.patch,3,3,0
Closure,13,closure13_Seed12_r_56_45.patch,4,3,0
Closure,13,closure13_Seed12_r_56_45.patch,5,2,0
Closure,13,closure13_Seed12_r_56_45.patch,6,3,0
Closure,13,closure13_Seed12_r_56_45.patch,7,2,0
Closure,13,closure13_Seed12_r_56_45.patch,8,3,0
Closure,13,closure13_Seed12_r_56_45.patch,9,2,0
Closure,13,closure13_Seed12_r_56_45.patch,10,3,0
Closure,13,closure13_Seed13_d_63.patch,1,2,0
Closure,13,closure13_Seed13_d_63.patch,2,3,0
Closure,13,closure13_Seed13_d_63.patch,3,3,0
Closure,13,closure13_Seed13_d_63.patch,4,3,0
Closure,13,closure13_Seed13_d_63.patch,5,2,0
Closure,13,closure13_Seed13_d_63.patch,6,3,0
Closure,13,closure13_Seed13_d_63.patch,7,2,0
Closure,13,closure13_Seed13_d_63.patch,8,3,0
Closure,13,closure13_Seed13_d_63.patch,9,2,0
Closure,13,closure13_Seed13_d_63.patch,10,3,0
Closure,13,closure13_Seed17_r_64_70.patch,1,2,0
Closure,13,closure13_Seed17_r_64_70.patch,2,3,0
Closure,13,closure13_Seed17_r_64_70.patch,3,3,0
Closure,13,closure13_Seed17_r_64_70.patch,4,3,0
Closure,13,closure13_Seed17_r_64_70.patch,5,2,0
Closure,13,closure13_Seed17_r_64_70.patch,6,3,0
Closure,13,closure13_Seed17_r_64_70.patch,7,2,0
Closure,13,closure13_Seed17_r_64_70.patch,8,3,0
Closure,13,closure13_Seed17_r_64_70.patch,9,2,0
Closure,13,closure13_Seed17_r_64_70.patch,10,3,0
Closure,13,closure13_Seed18_r_56_55.patch,1,2,0
Closure,13,closure13_Seed18_r_56_55.patch,2,3,0
Closure,13,closure13_Seed18_r_56_55.patch,3,3,0
Closure,13,closure13_Seed18_r_56_55.patch,4,3,0
Closure,13,closure13_Seed18_r_56_55.patch,5,2,0
Closure,13,closure13_Seed18_r_56_55.patch,6,3,0
Closure,13,closure13_Seed18_r_56_55.patch,7,2,0
Closure,13,closure13_Seed18_r_56_55.patch,8,3,0
Closure,13,closure13_Seed18_r_56_55.patch,9,2,0
Closure,13,closure13_Seed18_r_56_55.patch,10,3,0
Closure,13,closure13_Seed19_r_63_50.patch,1,2,0
Closure,13,closure13_Seed19_r_63_50.patch,2,3,0
Closure,13,closure13_Seed19_r_63_50.patch,3,3,0
Closure,13,closure13_Seed19_r_63_50.patch,4,3,0
Closure,13,closure13_Seed19_r_63_50.patch,5,2,0
Closure,13,closure13_Seed19_r_63_50.patch,6,3,0
Closure,13,closure13_Seed19_r_63_50.patch,7,2,0
Closure,13,closure13_Seed19_r_63_50.patch,8,3,0
Closure,13,closure13_Seed19_r_63_50.patch,9,2,0
Closure,13,closure13_Seed19_r_63_50.patch,10,3,0
Closure,13,closure13_Seed1_r_33_66.patch,1,2,0
Closure,13,closure13_Seed1_r_33_66.patch,2,3,0
Closure,13,closure13_Seed1_r_33_66.patch,3,3,0
Closure,13,closure13_Seed1_r_33_66.patch,4,3,0
Closure,13,closure13_Seed1_r_33_66.patch,5,2,0
Closure,13,closure13_Seed1_r_33_66.patch,6,3,0
Closure,13,closure13_Seed1_r_33_66.patch,7,2,0
Closure,13,closure13_Seed1_r_33_66.patch,8,3,0
Closure,13,closure13_Seed1_r_33_66.patch,9,2,0
Closure,13,closure13_Seed1_r_33_66.patch,10,3,0
Closure,13,closure13_Seed20_r_65_71.patch,1,2,0
Closure,13,closure13_Seed20_r_65_71.patch,2,3,0
Closure,13,closure13_Seed20_r_65_71.patch,3,3,0
Closure,13,closure13_Seed20_r_65_71.patch,4,3,0
Closure,13,closure13_Seed20_r_65_71.patch,5,2,0
Closure,13,closure13_Seed20_r_65_71.patch,6,3,0
Closure,13,closure13_Seed20_r_65_71.patch,7,2,0
Closure,13,closure13_Seed20_r_65_71.patch,8,3,0
Closure,13,closure13_Seed20_r_65_71.patch,9,2,0
Closure,13,closure13_Seed20_r_65_71.patch,10,3,0
Closure,13,closure13_Seed2_d_65.patch,1,2,0
Closure,13,closure13_Seed2_d_65.patch,2,3,0
Closure,13,closure13_Seed2_d_65.patch,3,3,0
Closure,13,closure13_Seed2_d_65.patch,4,3,0
Closure,13,closure13_Seed2_d_65.patch,5,2,0
Closure,13,closure13_Seed2_d_65.patch,6,3,0
Closure,13,closure13_Seed2_d_65.patch,7,2,0
Closure,13,closure13_Seed2_d_65.patch,8,3,0
Closure,13,closure13_Seed2_d_65.patch,9,2,0
Closure,13,closure13_Seed2_d_65.patch,10,3,0
Closure,13,closure13_Seed3_d_34.patch,1,2,0
Closure,13,closure13_Seed3_d_34.patch,2,3,1
Closure,13,closure13_Seed3_d_34.patch,3,3,0
Closure,13,closure13_Seed3_d_34.patch,4,3,0
Closure,13,closure13_Seed3_d_34.patch,5,2,0
Closure,13,closure13_Seed3_d_34.patch,6,3,0
Closure,13,closure13_Seed3_d_34.patch,7,2,0
Closure,13,closure13_Seed3_d_34.patch,8,3,0
Closure,13,closure13_Seed3_d_34.patch,9,2,0
Closure,13,closure13_Seed3_d_34.patch,10,3,0
Closure,13,closure13_Seed5_r_56_61.patch,1,2,0
Closure,13,closure13_Seed5_r_56_61.patch,2,3,0
Closure,13,closure13_Seed5_r_56_61.patch,3,3,0
Closure,13,closure13_Seed5_r_56_61.patch,4,3,0
Closure,13,closure13_Seed5_r_56_61.patch,5,2,0
Closure,13,closure13_Seed5_r_56_61.patch,6,3,0
Closure,13,closure13_Seed5_r_56_61.patch,7,2,0
Closure,13,closure13_Seed5_r_56_61.patch,8,3,0
Closure,13,closure13_Seed5_r_56_61.patch,9,2,0
Closure,13,closure13_Seed5_r_56_61.patch,10,3,0
Closure,13,closure13_Seed8_d_56.patch,1,2,0
Closure,13,closure13_Seed8_d_56.patch,2,3,0
Closure,13,closure13_Seed8_d_56.patch,3,3,0
Closure,13,closure13_Seed8_d_56.patch,4,3,0
Closure,13,closure13_Seed8_d_56.patch,5,2,0
Closure,13,closure13_Seed8_d_56.patch,6,3,0
Closure,13,closure13_Seed8_d_56.patch,7,2,0
Closure,13,closure13_Seed8_d_56.patch,8,3,0
Closure,13,closure13_Seed8_d_56.patch,9,2,0
Closure,13,closure13_Seed8_d_56.patch,10,3,0
Closure,13,closure13_Seed9_r_64_71.patch,1,2,0
Closure,13,closure13_Seed9_r_64_71.patch,2,3,0
Closure,13,closure13_Seed9_r_64_71.patch,3,3,0
Closure,13,closure13_Seed9_r_64_71.patch,4,3,0
Closure,13,closure13_Seed9_r_64_71.patch,5,2,0
Closure,13,closure13_Seed9_r_64_71.patch,6,3,0
Closure,13,closure13_Seed9_r_64_71.patch,7,2,0
Closure,13,closure13_Seed9_r_64_71.patch,8,3,0
Closure,13,closure13_Seed9_r_64_71.patch,9,2,0
Closure,13,closure13_Seed9_r_64_71.patch,10,3,0
Closure,19,closure19_Seed1_r_60_5.patch,1,49,1
Closure,19,closure19_Seed1_r_60_5.patch,2,49,1
Closure,19,closure19_Seed1_r_60_5.patch,3,47,1
Closure,19,closure19_Seed1_r_60_5.patch,4,51,1
Closure,19,closure19_Seed1_r_60_5.patch,5,49,1
Closure,19,closure19_Seed1_r_60_5.patch,6,51,1
Closure,19,closure19_Seed1_r_60_5.patch,7,48,1
Closure,19,closure19_Seed1_r_60_5.patch,8,50,1
Closure,19,closure19_Seed1_r_60_5.patch,9,49,1
Closure,19,closure19_Seed1_r_60_5.patch,10,50,1
Closure,19,closure19_Seed2_d_60.patch,1,49,1
Closure,19,closure19_Seed2_d_60.patch,2,49,1
Closure,19,closure19_Seed2_d_60.patch,3,47,1
Closure,19,closure19_Seed2_d_60.patch,4,51,1
Closure,19,closure19_Seed2_d_60.patch,5,49,1
Closure,19,closure19_Seed2_d_60.patch,6,51,1
Closure,19,closure19_Seed2_d_60.patch,7,48,1
Closure,19,closure19_Seed2_d_60.patch,8,50,1
Closure,19,closure19_Seed2_d_60.patch,9,49,1
Closure,19,closure19_Seed2_d_60.patch,10,50,1
Closure,21,closure21_Seed10_d_32.patch,1,13,0
Closure,21,closure21_Seed10_d_32.patch,2,10,1
Closure,21,closure21_Seed10_d_32.patch,3,6,0
Closure,21,closure21_Seed10_d_32.patch,4,5,0
Closure,21,closure21_Seed10_d_32.patch,5,4,0
Closure,21,closure21_Seed10_d_32.patch,6,4,0
Closure,21,closure21_Seed10_d_32.patch,7,8,0
Closure,21,closure21_Seed10_d_32.patch,8,7,0
Closure,21,closure21_Seed10_d_32.patch,9,3,1
Closure,21,closure21_Seed10_d_32.patch,10,6,0
Closure,21,closure21_Seed12_d_31.patch,1,13,0
Closure,21,closure21_Seed12_d_31.patch,2,10,1
Closure,21,closure21_Seed12_d_31.patch,3,6,0
Closure,21,closure21_Seed12_d_31.patch,4,5,0
Closure,21,closure21_Seed12_d_31.patch,5,4,0
Closure,21,closure21_Seed12_d_31.patch,6,4,0
Closure,21,closure21_Seed12_d_31.patch,7,8,0
Closure,21,closure21_Seed12_d_31.patch,8,7,0
Closure,21,closure21_Seed12_d_31.patch,9,3,1
Closure,21,closure21_Seed12_d_31.patch,10,6,0
Closure,21,closure21_Seed18_r_34_21.patch,1,13,0
Closure,21,closure21_Seed18_r_34_21.patch,2,10,1
Closure,21,closure21_Seed18_r_34_21.patch,3,6,0
Closure,21,closure21_Seed18_r_34_21.patch,4,5,0
Closure,21,closure21_Seed18_r_34_21.patch,5,4,0
Closure,21,closure21_Seed18_r_34_21.patch,6,4,0
Closure,21,closure21_Seed18_r_34_21.patch,7,8,0
Closure,21,closure21_Seed18_r_34_21.patch,8,7,0
Closure,21,closure21_Seed18_r_34_21.patch,9,3,1
Closure,21,closure21_Seed18_r_34_21.patch,10,6,0
Closure,21,closure21_Seed1_d_38.patch,1,13,0
Closure,21,closure21_Seed1_d_38.patch,2,10,1
Closure,21,closure21_Seed1_d_38.patch,3,6,0
Closure,21,closure21_Seed1_d_38.patch,4,5,0
Closure,21,closure21_Seed1_d_38.patch,5,4,0
Closure,21,closure21_Seed1_d_38.patch,6,4,0
Closure,21,closure21_Seed1_d_38.patch,7,8,0
Closure,21,closure21_Seed1_d_38.patch,8,7,0
Closure,21,closure21_Seed1_d_38.patch,9,3,1
Closure,21,closure21_Seed1_d_38.patch,10,6,0
Closure,21,closure21_Seed2_d_34.patch,1,13,0
Closure,21,closure21_Seed2_d_34.patch,2,10,1
Closure,21,closure21_Seed2_d_34.patch,3,6,0
Closure,21,closure21_Seed2_d_34.patch,4,5,0
Closure,21,closure21_Seed2_d_34.patch,5,4,0
Closure,21,closure21_Seed2_d_34.patch,6,4,0
Closure,21,closure21_Seed2_d_34.patch,7,8,0
Closure,21,closure21_Seed2_d_34.patch,8,7,0
Closure,21,closure21_Seed2_d_34.patch,9,3,1
Closure,21,closure21_Seed2_d_34.patch,10,6,0
Closure,21,closure21_Seed3_d_39.patch,1,13,0
Closure,21,closure21_Seed3_d_39.patch,2,10,1
Closure,21,closure21_Seed3_d_39.patch,3,6,0
Closure,21,closure21_Seed3_d_39.patch,4,5,0
Closure,21,closure21_Seed3_d_39.patch,5,4,0
Closure,21,closure21_Seed3_d_39.patch,6,4,0
Closure,21,closure21_Seed3_d_39.patch,7,8,0
Closure,21,closure21_Seed3_d_39.patch,8,7,0
Closure,21,closure21_Seed3_d_39.patch,9,3,1
Closure,21,closure21_Seed3_d_39.patch,10,6,0
Closure,21,closure21_Seed4_r_38_65.patch,1,13,0
Closure,21,closure21_Seed4_r_38_65.patch,2,10,1
Closure,21,closure21_Seed4_r_38_65.patch,3,6,0
Closure,21,closure21_Seed4_r_38_65.patch,4,5,0
Closure,21,closure21_Seed4_r_38_65.patch,5,4,0
Closure,21,closure21_Seed4_r_38_65.patch,6,4,0
Closure,21,closure21_Seed4_r_38_65.patch,7,8,0
Closure,21,closure21_Seed4_r_38_65.patch,8,7,0
Closure,21,closure21_Seed4_r_38_65.patch,9,3,1
Closure,21,closure21_Seed4_r_38_65.patch,10,6,0
Closure,21,closure21_Seed7_d_33.patch,1,13,0
Closure,21,closure21_Seed7_d_33.patch,2,10,1
Closure,21,closure21_Seed7_d_33.patch,3,6,0
Closure,21,closure21_Seed7_d_33.patch,4,5,0
Closure,21,closure21_Seed7_d_33.patch,5,4,0
Closure,21,closure21_Seed7_d_33.patch,6,4,0
Closure,21,closure21_Seed7_d_33.patch,7,8,0
Closure,21,closure21_Seed7_d_33.patch,8,7,0
Closure,21,closure21_Seed7_d_33.patch,9,3,1
Closure,21,closure21_Seed7_d_33.patch,10,6,0
Closure,21,closure21_Seed9_r_38_37.patch,1,13,0
Closure,21,closure21_Seed9_r_38_37.patch,2,10,1
Closure,21,closure21_Seed9_r_38_37.patch,3,6,0
Closure,21,closure21_Seed9_r_38_37.patch,4,5,0
Closure,21,closure21_Seed9_r_38_37.patch,5,4,0
Closure,21,closure21_Seed9_r_38_37.patch,6,4,0
Closure,21,closure21_Seed9_r_38_37.patch,7,8,0
Closure,21,closure21_Seed9_r_38_37.patch,8,7,0
Closure,21,closure21_Seed9_r_38_37.patch,9,3,1
Closure,21,closure21_Seed9_r_38_37.patch,10,6,0
Closure,22,closure22_Seed10_d_26.patch,1,10,0
Closure,22,closure22_Seed10_d_26.patch,2,7,0
Closure,22,closure22_Seed10_d_26.patch,3,14,1
Closure,22,closure22_Seed10_d_26.patch,4,5,0
Closure,22,closure22_Seed10_d_26.patch,5,4,0
Closure,22,closure22_Seed10_d_26.patch,6,14,1
Closure,22,closure22_Seed10_d_26.patch,7,13,0
Closure,22,closure22_Seed10_d_26.patch,8,18,1
Closure,22,closure22_Seed10_d_26.patch,9,5,0
Closure,22,closure22_Seed10_d_26.patch,10,3,0
Closure,22,closure22_Seed14_d_27.patch,1,10,0
Closure,22,closure22_Seed14_d_27.patch,2,7,0
Closure,22,closure22_Seed14_d_27.patch,3,14,1
Closure,22,closure22_Seed14_d_27.patch,4,5,0
Closure,22,closure22_Seed14_d_27.patch,5,4,0
Closure,22,closure22_Seed14_d_27.patch,6,14,1
Closure,22,closure22_Seed14_d_27.patch,7,13,0
Closure,22,closure22_Seed14_d_27.patch,8,18,1
Closure,22,closure22_Seed14_d_27.patch,9,5,0
Closure,22,closure22_Seed14_d_27.patch,10,3,0
Closure,22,closure22_Seed18_r_28_46.patch,1,10,0
Closure,22,closure22_Seed18_r_28_46.patch,2,7,0
Closure,22,closure22_Seed18_r_28_46.patch,3,14,1
Closure,22,closure22_Seed18_r_28_46.patch,4,5,0
Closure,22,closure22_Seed18_r_28_46.patch,5,4,0
Closure,22,closure22_Seed18_r_28_46.patch,6,14,1
Closure,22,closure22_Seed18_r_28_46.patch,7,13,0
Closure,22,closure22_Seed18_r_28_46.patch,8,18,1
Closure,22,closure22_Seed18_r_28_46.patch,9,5,0
Closure,22,closure22_Seed18_r_28_46.patch,10,3,0
Closure,22,closure22_Seed1_d_33.patch,1,10,0
Closure,22,closure22_Seed1_d_33.patch,2,7,0
Closure,22,closure22_Seed1_d_33.patch,3,14,1
Closure,22,closure22_Seed1_d_33.patch,4,5,0
Closure,22,closure22_Seed1_d_33.patch,5,4,0
Closure,22,closure22_Seed1_d_33.patch,6,14,1
Closure,22,closure22_Seed1_d_33.patch,7,13,0
Closure,22,closure22_Seed1_d_33.patch,8,18,1
Closure,22,closure22_Seed1_d_33.patch,9,5,0
Closure,22,closure22_Seed1_d_33.patch,10,3,0
Closure,22,closure22_Seed2_d_28.patch,1,10,0
Closure,22,closure22_Seed2_d_28.patch,2,7,0
Closure,22,closure22_Seed2_d_28.patch,3,14,1
Closure,22,closure22_Seed2_d_28.patch,4,5,0
Closure,22,closure22_Seed2_d_28.patch,5,4,0
Closure,22,closure22_Seed2_d_28.patch,6,14,1
Closure,22,closure22_Seed2_d_28.patch,7,13,0
Closure,22,closure22_Seed2_d_28.patch,8,18,1
Closure,22,closure22_Seed2_d_28.patch,9,5,0
Closure,22,closure22_Seed2_d_28.patch,10,3,0
Closure,22,closure22_Seed3_d_34.patch,1,10,0
Closure,22,closure22_Seed3_d_34.patch,2,7,0
Closure,22,closure22_Seed3_d_34.patch,3,14,1
Closure,22,closure22_Seed3_d_34.patch,4,5,0
Closure,22,closure22_Seed3_d_34.patch,5,4,0
Closure,22,closure22_Seed3_d_34.patch,6,14,1
Closure,22,closure22_Seed3_d_34.patch,7,13,0
Closure,22,closure22_Seed3_d_34.patch,8,18,1
Closure,22,closure22_Seed3_d_34.patch,9,5,0
Closure,22,closure22_Seed3_d_34.patch,10,3,0
Closure,22,closure22_Seed4_r_33_69.patch,1,10,0
Closure,22,closure22_Seed4_r_33_69.patch,2,7,0
Closure,22,closure22_Seed4_r_33_69.patch,3,14,1
Closure,22,closure22_Seed4_r_33_69.patch,4,5,0
Closure,22,closure22_Seed4_r_33_69.patch,5,4,0
Closure,22,closure22_Seed4_r_33_69.patch,6,14,1
Closure,22,closure22_Seed4_r_33_69.patch,7,13,0
Closure,22,closure22_Seed4_r_33_69.patch,8,18,1
Closure,22,closure22_Seed4_r_33_69.patch,9,5,0
Closure,22,closure22_Seed4_r_33_69.patch,10,3,0
Closure,22,closure22_Seed7_r_26_46.patch,1,10,0
Closure,22,closure22_Seed7_r_26_46.patch,2,7,0
Closure,22,closure22_Seed7_r_26_46.patch,3,14,1
Closure,22,closure22_Seed7_r_26_46.patch,4,5,0
Closure,22,closure22_Seed7_r_26_46.patch,5,4,0
Closure,22,closure22_Seed7_r_26_46.patch,6,14,1
Closure,22,closure22_Seed7_r_26_46.patch,7,13,0
Closure,22,closure22_Seed7_r_26_46.patch,8,18,1
Closure,22,closure22_Seed7_r_26_46.patch,9,5,0
Closure,22,closure22_Seed7_r_26_46.patch,10,3,0
Closure,22,closure22_Seed9_r_33_46.patch,1,10,0
Closure,22,closure22_Seed9_r_33_46.patch,2,7,0
Closure,22,closure22_Seed9_r_33_46.patch,3,14,1
Closure,22,closure22_Seed9_r_33_46.patch,4,5,0
Closure,22,closure22_Seed9_r_33_46.patch,5,4,0
Closure,22,closure22_Seed9_r_33_46.patch,6,14,1
Closure,22,closure22_Seed9_r_33_46.patch,7,13,0
Closure,22,closure22_Seed9_r_33_46.patch,8,18,1
Closure,22,closure22_Seed9_r_33_46.patch,9,5,0
Closure,22,closure22_Seed9_r_33_46.patch,10,3,0
Closure,46,closure46_Seed1_r_47_42.patch,1,10,0
Closure,46,closure46_Seed1_r_47_42.patch,2,8,0
Closure,46,closure46_Seed1_r_47_42.patch,3,10,0
Closure,46,closure46_Seed1_r_47_42.patch,4,10,0
Closure,46,closure46_Seed1_r_47_42.patch,5,9,0
Closure,46,closure46_Seed1_r_47_42.patch,6,11,0
Closure,46,closure46_Seed1_r_47_42.patch,7,10,0
Closure,46,closure46_Seed1_r_47_42.patch,8,10,0
Closure,46,closure46_Seed1_r_47_42.patch,9,9,0
Closure,46,closure46_Seed1_r_47_42.patch,10,8,0
Closure,46,closure46_Seed20_r_46_42.patch,1,10,0
Closure,46,closure46_Seed20_r_46_42.patch,2,8,0
Closure,46,closure46_Seed20_r_46_42.patch,3,10,0
Closure,46,closure46_Seed20_r_46_42.patch,4,10,0
Closure,46,closure46_Seed20_r_46_42.patch,5,9,0
Closure,46,closure46_Seed20_r_46_42.patch,6,11,0
Closure,46,closure46_Seed20_r_46_42.patch,7,10,0
Closure,46,closure46_Seed20_r_46_42.patch,8,10,0
Closure,46,closure46_Seed20_r_46_42.patch,9,9,0
Closure,46,closure46_Seed20_r_46_42.patch,10,8,0
Closure,46,closure46_Seed2_r_50_42.patch,1,10,0
Closure,46,closure46_Seed2_r_50_42.patch,2,8,0
Closure,46,closure46_Seed2_r_50_42.patch,3,10,0
Closure,46,closure46_Seed2_r_50_42.patch,4,10,0
Closure,46,closure46_Seed2_r_50_42.patch,5,9,0
Closure,46,closure46_Seed2_r_50_42.patch,6,11,0
Closure,46,closure46_Seed2_r_50_42.patch,7,10,0
Closure,46,closure46_Seed2_r_50_42.patch,8,10,0
Closure,46,closure46_Seed2_r_50_42.patch,9,9,0
Closure,46,closure46_Seed2_r_50_42.patch,10,8,0
Closure,46,closure46_Seed3_a_47_43.patch,1,10,0
Closure,46,closure46_Seed3_a_47_43.patch,2,8,0
Closure,46,closure46_Seed3_a_47_43.patch,3,10,0
Closure,46,closure46_Seed3_a_47_43.patch,4,10,0
Closure,46,closure46_Seed3_a_47_43.patch,5,9,0
Closure,46,closure46_Seed3_a_47_43.patch,6,11,0
Closure,46,closure46_Seed3_a_47_43.patch,7,10,0
Closure,46,closure46_Seed3_a_47_43.patch,8,10,0
Closure,46,closure46_Seed3_a_47_43.patch,9,9,0
Closure,46,closure46_Seed3_a_47_43.patch,10,8,0
Closure,46,closure46_Seed4_a_46_42.patch,1,10,0
Closure,46,closure46_Seed4_a_46_42.patch,2,8,0
Closure,46,closure46_Seed4_a_46_42.patch,3,10,0
Closure,46,closure46_Seed4_a_46_42.patch,4,10,0
Closure,46,closure46_Seed4_a_46_42.patch,5,9,0
Closure,46,closure46_Seed4_a_46_42.patch,6,11,0
Closure,46,closure46_Seed4_a_46_42.patch,7,10,0
Closure,46,closure46_Seed4_a_46_42.patch,8,10,0
Closure,46,closure46_Seed4_a_46_42.patch,9,9,0
Closure,46,closure46_Seed4_a_46_42.patch,10,8,0
Closure,66,closure66_Seed1_d_358.patch,1,28,0
Closure,66,closure66_Seed1_d_358.patch,2,29,0
Closure,66,closure66_Seed1_d_358.patch,3,35,0
Closure,66,closure66_Seed1_d_358.patch,4,24,0
Closure,66,closure66_Seed1_d_358.patch,5,31,1
Closure,66,closure66_Seed1_d_358.patch,6,24,0
Closure,66,closure66_Seed1_d_358.patch,7,31,0
Closure,66,closure66_Seed1_d_358.patch,8,26,0
Closure,66,closure66_Seed1_d_358.patch,9,33,0
Closure,66,closure66_Seed1_d_358.patch,10,26,0
Closure,66,closure66_Seed4_d_359.patch,1,28,0
Closure,66,closure66_Seed4_d_359.patch,2,29,0
Closure,66,closure66_Seed4_d_359.patch,3,35,0
Closure,66,closure66_Seed4_d_359.patch,4,24,0
Closure,66,closure66_Seed4_d_359.patch,5,31,1
Closure,66,closure66_Seed4_d_359.patch,6,24,0
Closure,66,closure66_Seed4_d_359.patch,7,31,0
Closure,66,closure66_Seed4_d_359.patch,8,26,0
Closure,66,closure66_Seed4_d_359.patch,9,33,0
Closure,66,closure66_Seed4_d_359.patch,10,26,0
Closure,83,closure83_Seed4_r_62_66.patch,1,6,2
Closure,83,closure83_Seed4_r_62_66.patch,2,6,2
Closure,83,closure83_Seed4_r_62_66.patch,3,4,0
Closure,83,closure83_Seed4_r_62_66.patch,4,6,4
Closure,83,closure83_Seed4_r_62_66.patch,5,6,2
Closure,83,closure83_Seed4_r_62_66.patch,6,4,1
Closure,83,closure83_Seed4_r_62_66.patch,7,6,1
Closure,83,closure83_Seed4_r_62_66.patch,8,6,3
Closure,83,closure83_Seed4_r_62_66.patch,9,4,0
Closure,83,closure83_Seed4_r_62_66.patch,10,6,2
Closure,86,closure86_Seed6_r_1247_1059.patch,1,150,0
Closure,86,closure86_Seed6_r_1247_1059.patch,2,194,0
Closure,86,closure86_Seed6_r_1247_1059.patch,3,187,1
Closure,86,closure86_Seed6_r_1247_1059.patch,4,196,0
Closure,86,closure86_Seed6_r_1247_1059.patch,5,188,0
Closure,86,closure86_Seed6_r_1247_1059.patch,6,187,0
Closure,86,closure86_Seed6_r_1247_1059.patch,7,215,0
Closure,86,closure86_Seed6_r_1247_1059.patch,8,154,0
Closure,86,closure86_Seed6_r_1247_1059.patch,9,175,0
Closure,86,closure86_Seed6_r_1247_1059.patch,10,183,0
Lang,10,lang10_Seed2_r_89_93.patch,1,18,0
Lang,10,lang10_Seed2_r_89_93.patch,2,18,0
Lang,10,lang10_Seed2_r_89_93.patch,3,17,0
Lang,10,lang10_Seed2_r_89_93.patch,4,24,0
Lang,10,lang10_Seed2_r_89_93.patch,5,21,0
Lang,10,lang10_Seed2_r_89_93.patch,6,21,0
Lang,10,lang10_Seed2_r_89_93.patch,7,21,0
Lang,10,lang10_Seed2_r_89_93.patch,8,20,0
Lang,10,lang10_Seed2_r_89_93.patch,9,23,0
Lang,10,lang10_Seed2_r_89_93.patch,10,21,0
Lang,10,lang10_Seed3_d_89.patch,1,18,0
Lang,10,lang10_Seed3_d_89.patch,2,18,0
Lang,10,lang10_Seed3_d_89.patch,3,17,0
Lang,10,lang10_Seed3_d_89.patch,4,24,0
Lang,10,lang10_Seed3_d_89.patch,5,21,0
Lang,10,lang10_Seed3_d_89.patch,6,21,0
Lang,10,lang10_Seed3_d_89.patch,7,21,0
Lang,10,lang10_Seed3_d_89.patch,8,20,0
Lang,10,lang10_Seed3_d_89.patch,9,23,0
Lang,10,lang10_Seed3_d_89.patch,10,21,0
Lang,10,lang10_Seed7_r_89_104.patch,1,18,0
Lang,10,lang10_Seed7_r_89_104.patch,2,18,0
Lang,10,lang10_Seed7_r_89_104.patch,3,17,0
Lang,10,lang10_Seed7_r_89_104.patch,4,24,0
Lang,10,lang10_Seed7_r_89_104.patch,5,21,0
Lang,10,lang10_Seed7_r_89_104.patch,6,21,0
Lang,10,lang10_Seed7_r_89_104.patch,7,21,0
Lang,10,lang10_Seed7_r_89_104.patch,8,20,0
Lang,10,lang10_Seed7_r_89_104.patch,9,23,0
Lang,10,lang10_Seed7_r_89_104.patch,10,21,0
Lang,10,lang10_Seed8_d_90.patch,1,18,0
Lang,10,lang10_Seed8_d_90.patch,2,18,0
Lang,10,lang10_Seed8_d_90.patch,3,17,0
Lang,10,lang10_Seed8_d_90.patch,4,24,0
Lang,10,lang10_Seed8_d_90.patch,5,21,0
Lang,10,lang10_Seed8_d_90.patch,6,21,0
Lang,10,lang10_Seed8_d_90.patch,7,21,0
Lang,10,lang10_Seed8_d_90.patch,8,20,0
Lang,10,lang10_Seed8_d_90.patch,9,23,0
Lang,10,lang10_Seed8_d_90.patch,10,21,0
Lang,22,lang22_Seed2_d_202.patch,1,53,0
Lang,22,lang22_Seed2_d_202.patch,2,49,0
Lang,22,lang22_Seed2_d_202.patch,3,53,0
Lang,22,lang22_Seed2_d_202.patch,4,46,0
Lang,22,lang22_Seed2_d_202.patch,5,50,0
Lang,22,lang22_Seed2_d_202.patch,6,53,0
Lang,22,lang22_Seed2_d_202.patch,7,59,0
Lang,22,lang22_Seed2_d_202.patch,8,55,0
Lang,22,lang22_Seed2_d_202.patch,9,49,0
Lang,22,lang22_Seed2_d_202.patch,10,47,0
Lang,22,lang22_Seed6_d_201.patch,1,53,0
Lang,22,lang22_Seed6_d_201.patch,2,49,0
Lang,22,lang22_Seed6_d_201.patch,3,53,0
Lang,22,lang22_Seed6_d_201.patch,4,46,0
Lang,22,lang22_Seed6_d_201.patch,5,50,0
Lang,22,lang22_Seed6_d_201.patch,6,53,0
Lang,22,lang22_Seed6_d_201.patch,7,59,0
Lang,22,lang22_Seed6_d_201.patch,8,55,0
Lang,22,lang22_Seed6_d_201.patch,9,49,0
Lang,22,lang22_Seed6_d_201.patch,10,47,0
Lang,39,lang39_Seed5_d_960.patch,1,305,0
Lang,39,lang39_Seed5_d_960.patch,2,305,0
Lang,39,lang39_Seed5_d_960.patch,3,306,0
Lang,39,lang39_Seed5_d_960.patch,4,312,0
Lang,39,lang39_Seed5_d_960.patch,5,307,0
Lang,39,lang39_Seed5_d_960.patch,6,307,0
Lang,39,lang39_Seed5_d_960.patch,7,315,0
Lang,39,lang39_Seed5_d_960.patch,8,304,0
Lang,39,lang39_Seed5_d_960.patch,9,306,0
Lang,39,lang39_Seed5_d_960.patch,10,307,0
Lang,39,lang39_Seed7_d_961.patch,1,305,0
Lang,39,lang39_Seed7_d_961.patch,2,305,0
Lang,39,lang39_Seed7_d_961.patch,3,306,0
Lang,39,lang39_Seed7_d_961.patch,4,312,0
Lang,39,lang39_Seed7_d_961.patch,5,307,0
Lang,39,lang39_Seed7_d_961.patch,6,307,0
Lang,39,lang39_Seed7_d_961.patch,7,315,0
Lang,39,lang39_Seed7_d_961.patch,8,304,0
Lang,39,lang39_Seed7_d_961.patch,9,306,0
Lang,39,lang39_Seed7_d_961.patch,10,307,0
Lang,43,lang43_Seed14_r_187_172.patch,1,10,1
Lang,43,lang43_Seed14_r_187_172.patch,2,9,1
Lang,43,lang43_Seed14_r_187_172.patch,3,9,0
Lang,43,lang43_Seed14_r_187_172.patch,4,10,2
Lang,43,lang43_Seed14_r_187_172.patch,5,10,2
Lang,43,lang43_Seed14_r_187_172.patch,6,11,1
Lang,43,lang43_Seed14_r_187_172.patch,7,9,2
Lang,43,lang43_Seed14_r_187_172.patch,8,11,1
Lang,43,lang43_Seed14_r_187_172.patch,9,11,1
Lang,43,lang43_Seed14_r_187_172.patch,10,11,2
Lang,43,lang43_Seed1_a_29_172.patch,1,10,0
Lang,43,lang43_Seed1_a_29_172.patch,2,9,0
Lang,43,lang43_Seed1_a_29_172.patch,3,9,0
Lang,43,lang43_Seed1_a_29_172.patch,4,10,0
Lang,43,lang43_Seed1_a_29_172.patch,5,10,0
Lang,43,lang43_Seed1_a_29_172.patch,6,11,0
Lang,43,lang43_Seed1_a_29_172.patch,7,9,0
Lang,43,lang43_Seed1_a_29_172.patch,8,11,0
Lang,43,lang43_Seed1_a_29_172.patch,9,11,0
Lang,43,lang43_Seed1_a_29_172.patch,10,11,0
Lang,43,lang43_Seed3_r_189_172.patch,1,10,1
Lang,43,lang43_Seed3_r_189_172.patch,2,9,1
Lang,43,lang43_Seed3_r_189_172.patch,3,9,0
Lang,43,lang43_Seed3_r_189_172.patch,4,10,2
Lang,43,lang43_Seed3_r_189_172.patch,5,10,2
Lang,43,lang43_Seed3_r_189_172.patch,6,11,1
Lang,43,lang43_Seed3_r_189_172.patch,7,9,2
Lang,43,lang43_Seed3_r_189_172.patch,8,11,1
Lang,43,lang43_Seed3_r_189_172.patch,9,11,1
Lang,43,lang43_Seed3_r_189_172.patch,10,11,1
Lang,43,lang43_Seed7_r_188_172.patch,1,10,1
Lang,43,lang43_Seed7_r_188_172.patch,2,9,1
Lang,43,lang43_Seed7_r_188_172.patch,3,9,0
Lang,43,lang43_Seed7_r_188_172.patch,4,10,2
Lang,43,lang43_Seed7_r_188_172.patch,5,10,2
Lang,43,lang43_Seed7_r_188_172.patch,6,11,1
Lang,43,lang43_Seed7_r_188_172.patch,7,9,2
Lang,43,lang43_Seed7_r_188_172.patch,8,11,1
Lang,43,lang43_Seed7_r_188_172.patch,9,11,1
Lang,43,lang43_Seed7_r_188_172.patch,10,11,1
Lang,45,lang45_Seed12_a_179_176.patch,1,24,0
Lang,45,lang45_Seed12_a_179_176.patch,2,20,0
Lang,45,lang45_Seed12_a_179_176.patch,3,21,0
Lang,45,lang45_Seed12_a_179_176.patch,4,23,0
Lang,45,lang45_Seed12_a_179_176.patch,5,21,0
Lang,45,lang45_Seed12_a_179_176.patch,6,22,0
Lang,45,lang45_Seed12_a_179_176.patch,7,20,0
Lang,45,lang45_Seed12_a_179_176.patch,8,22,0
Lang,45,lang45_Seed12_a_179_176.patch,9,20,0
Lang,45,lang45_Seed12_a_179_176.patch,10,22,0
Lang,45,lang45_Seed3_a_180_176.patch,1,24,0
Lang,45,lang45_Seed3_a_180_176.patch,2,20,0
Lang,45,lang45_Seed3_a_180_176.patch,3,21,0
Lang,45,lang45_Seed3_a_180_176.patch,4,23,0
Lang,45,lang45_Seed3_a_180_176.patch,5,21,0
Lang,45,lang45_Seed3_a_180_176.patch,6,22,0
Lang,45,lang45_Seed3_a_180_176.patch,7,20,0
Lang,45,lang45_Seed3_a_180_176.patch,8,22,0
Lang,45,lang45_Seed3_a_180_176.patch,9,20,0
Lang,45,lang45_Seed3_a_180_176.patch,10,22,0
Lang,59,lang59_Seed12_r_346_257.patch,1,156,7
Lang,59,lang59_Seed12_r_346_257.patch,2,161,2
Lang,59,lang59_Seed12_r_346_257.patch,3,157,2
Lang,59,lang59_Seed12_r_346_257.patch,4,157,4
Lang,59,lang59_Seed12_r_346_257.patch,5,159,1
Lang,59,lang59_Seed12_r_346_257.patch,6,166,1
Lang,59,lang59_Seed12_r_346_257.patch,7,155,1
Lang,59,lang59_Seed12_r_346_257.patch,8,156,4
Lang,59,lang59_Seed12_r_346_257.patch,9,157,1
Lang,59,lang59_Seed12_r_346_257.patch,10,157,5
Lang,63,lang63_Seed19_r_210_216.patch,1,15,0
Lang,63,lang63_Seed19_r_210_216.patch,2,16,0
Lang,63,lang63_Seed19_r_210_216.patch,3,15,0
Lang,63,lang63_Seed19_r_210_216.patch,4,13,0
Lang,63,lang63_Seed19_r_210_216.patch,5,15,0
Lang,63,lang63_Seed19_r_210_216.patch,6,14,0
Lang,63,lang63_Seed19_r_210_216.patch,7,14,0
Lang,63,lang63_Seed19_r_210_216.patch,8,15,0
Lang,63,lang63_Seed19_r_210_216.patch,9,16,0
Lang,63,lang63_Seed19_r_210_216.patch,10,14,0
Lang,63,lang63_Seed1_d_126.patch,1,15,0
Lang,63,lang63_Seed1_d_126.patch,2,16,0
Lang,63,lang63_Seed1_d_126.patch,3,15,0
Lang,63,lang63_Seed1_d_126.patch,4,13,0
Lang,63,lang63_Seed1_d_126.patch,5,15,0
Lang,63,lang63_Seed1_d_126.patch,6,14,0
Lang,63,lang63_Seed1_d_126.patch,7,14,0
Lang,63,lang63_Seed1_d_126.patch,8,15,0
Lang,63,lang63_Seed1_d_126.patch,9,16,0
Lang,63,lang63_Seed1_d_126.patch,10,14,0
Lang,63,lang63_Seed5_d_213.patch,1,15,0
Lang,63,lang63_Seed5_d_213.patch,2,16,0
Lang,63,lang63_Seed5_d_213.patch,3,15,0
Lang,63,lang63_Seed5_d_213.patch,4,13,0
Lang,63,lang63_Seed5_d_213.patch,5,15,0
Lang,63,lang63_Seed5_d_213.patch,6,14,0
Lang,63,lang63_Seed5_d_213.patch,7,14,0
Lang,63,lang63_Seed5_d_213.patch,8,15,0
Lang,63,lang63_Seed5_d_213.patch,9,16,0
Lang,63,lang63_Seed5_d_213.patch,10,14,0
Lang,7,lang7_Seed15_d_77.patch,1,110,1
Lang,7,lang7_Seed15_d_77.patch,2,115,1
Lang,7,lang7_Seed15_d_77.patch,3,113,1
Lang,7,lang7_Seed15_d_77.patch,4,115,1
Lang,7,lang7_Seed15_d_77.patch,5,111,1
Lang,7,lang7_Seed15_d_77.patch,6,110,1
Lang,7,lang7_Seed15_d_77.patch,7,113,1
Lang,7,lang7_Seed15_d_77.patch,8,109,1
Lang,7,lang7_Seed15_d_77.patch,9,116,1
Lang,7,lang7_Seed15_d_77.patch,10,112,1
Lang,7,lang7_Seed1_r_76_174.patch,1,110,1
Lang,7,lang7_Seed1_r_76_174.patch,2,115,1
Lang,7,lang7_Seed1_r_76_174.patch,3,113,1
Lang,7,lang7_Seed1_r_76_174.patch,4,115,1
Lang,7,lang7_Seed1_r_76_174.patch,5,111,1
Lang,7,lang7_Seed1_r_76_174.patch,6,110,1
Lang,7,lang7_Seed1_r_76_174.patch,7,113,1
Lang,7,lang7_Seed1_r_76_174.patch,8,109,1
Lang,7,lang7_Seed1_r_76_174.patch,9,116,1
Lang,7,lang7_Seed1_r_76_174.patch,10,112,1
Lang,7,lang7_Seed20_r_76_166.patch,1,110,2
Lang,7,lang7_Seed20_r_76_166.patch,2,115,1
Lang,7,lang7_Seed20_r_76_166.patch,3,113,2
Lang,7,lang7_Seed20_r_76_166.patch,4,115,1
Lang,7,lang7_Seed20_r_76_166.patch,5,111,2
Lang,7,lang7_Seed20_r_76_166.patch,6,110,1
Lang,7,lang7_Seed20_r_76_166.patch,7,113,2
Lang,7,lang7_Seed20_r_76_166.patch,8,109,2
Lang,7,lang7_Seed20_r_76_166.patch,9,116,1
Lang,7,lang7_Seed20_r_76_166.patch,10,112,2
Lang,7,lang7_Seed2_r_77_65.patch,1,110,2
Lang,7,lang7_Seed2_r_77_65.patch,2,115,1
Lang,7,lang7_Seed2_r_77_65.patch,3,113,2
Lang,7,lang7_Seed2_r_77_65.patch,4,115,1
Lang,7,lang7_Seed2_r_77_65.patch,5,111,2
Lang,7,lang7_Seed2_r_77_65.patch,6,110,1
Lang,7,lang7_Seed2_r_77_65.patch,7,113,2
Lang,7,lang7_Seed2_r_77_65.patch,8,109,2
Lang,7,lang7_Seed2_r_77_65.patch,9,116,1
Lang,7,lang7_Seed2_r_77_65.patch,10,112,2
Lang,7,lang7_Seed8_d_75.patch,1,110,1
Lang,7,lang7_Seed8_d_75.patch,2,115,1
Lang,7,lang7_Seed8_d_75.patch,3,113,1
Lang,7,lang7_Seed8_d_75.patch,4,115,1
Lang,7,lang7_Seed8_d_75.patch,5,111,1
Lang,7,lang7_Seed8_d_75.patch,6,110,1
Lang,7,lang7_Seed8_d_75.patch,7,113,1
Lang,7,lang7_Seed8_d_75.patch,8,109,1
Lang,7,lang7_Seed8_d_75.patch,9,116,1
Lang,7,lang7_Seed8_d_75.patch,10,112,1
Math,18,math18_Seed1_d_1.patch,1,14,0
Math,18,math18_Seed1_d_1.patch,2,13,2
Math,18,math18_Seed1_d_1.patch,3,18,0
Math,18,math18_Seed1_d_1.patch,4,13,0
Math,18,math18_Seed1_d_1.patch,5,13,2
Math,18,math18_Seed1_d_1.patch,6,17,0
Math,18,math18_Seed1_d_1.patch,7,16,0
Math,18,math18_Seed1_d_1.patch,8,14,0
Math,18,math18_Seed1_d_1.patch,9,13,1
Math,18,math18_Seed1_d_1.patch,10,13,0
Math,18,math18_Seed20_r_1_560.patch,1,14,0
Math,18,math18_Seed20_r_1_560.patch,2,13,2
Math,18,math18_Seed20_r_1_560.patch,3,18,0
Math,18,math18_Seed20_r_1_560.patch,4,13,0
Math,18,math18_Seed20_r_1_560.patch,5,13,2
Math,18,math18_Seed20_r_1_560.patch,6,17,0
Math,18,math18_Seed20_r_1_560.patch,7,16,0
Math,18,math18_Seed20_r_1_560.patch,8,14,0
Math,18,math18_Seed20_r_1_560.patch,9,13,1
Math,18,math18_Seed20_r_1_560.patch,10,13,0
Math,18,math18_Seed7_r_1_227.patch,1,14,0
Math,18,math18_Seed7_r_1_227.patch,2,13,2
Math,18,math18_Seed7_r_1_227.patch,3,18,0
Math,18,math18_Seed7_r_1_227.patch,4,13,0
Math,18,math18_Seed7_r_1_227.patch,5,13,2
Math,18,math18_Seed7_r_1_227.patch,6,17,0
Math,18,math18_Seed7_r_1_227.patch,7,16,0
Math,18,math18_Seed7_r_1_227.patch,8,14,0
Math,18,math18_Seed7_r_1_227.patch,9,13,1
Math,18,math18_Seed7_r_1_227.patch,10,13,0
Math,18,math18_Seed9_d_3.patch,1,14,0
Math,18,math18_Seed9_d_3.patch,2,13,2
Math,18,math18_Seed9_d_3.patch,3,18,1
Math,18,math18_Seed9_d_3.patch,4,13,0
Math,18,math18_Seed9_d_3.patch,5,13,2
Math,18,math18_Seed9_d_3.patch,6,17,0
Math,18,math18_Seed9_d_3.patch,7,16,0
Math,18,math18_Seed9_d_3.patch,8,14,0
Math,18,math18_Seed9_d_3.patch,9,13,2
Math,18,math18_Seed9_d_3.patch,10,13,0
Math,20,math20_Seed19_r_1_130.patch,1,12,0
Math,20,math20_Seed19_r_1_130.patch,2,13,0
Math,20,math20_Seed19_r_1_130.patch,3,16,0
Math,20,math20_Seed19_r_1_130.patch,4,10,0
Math,20,math20_Seed19_r_1_130.patch,5,14,0
Math,20,math20_Seed19_r_1_130.patch,6,17,0
Math,20,math20_Seed19_r_1_130.patch,7,17,0
Math,20,math20_Seed19_r_1_130.patch,8,13,0
Math,20,math20_Seed19_r_1_130.patch,9,12,0
Math,20,math20_Seed19_r_1_130.patch,10,11,0
Math,20,math20_Seed2_d_1.patch,1,12,0
Math,20,math20_Seed2_d_1.patch,2,13,0
Math,20,math20_Seed2_d_1.patch,3,16,0
Math,20,math20_Seed2_d_1.patch,4,10,0
Math,20,math20_Seed2_d_1.patch,5,14,0
Math,20,math20_Seed2_d_1.patch,6,17,0
Math,20,math20_Seed2_d_1.patch,7,17,0
Math,20,math20_Seed2_d_1.patch,8,13,0
Math,20,math20_Seed2_d_1.patch,9,12,0
Math,20,math20_Seed2_d_1.patch,10,11,0
Math,20,math20_Seed3_r_1_221.patch,1,12,0
Math,20,math20_Seed3_r_1_221.patch,2,13,0
Math,20,math20_Seed3_r_1_221.patch,3,16,0
Math,20,math20_Seed3_r_1_221.patch,4,10,0
Math,20,math20_Seed3_r_1_221.patch,5,14,0
Math,20,math20_Seed3_r_1_221.patch,6,17,0
Math,20,math20_Seed3_r_1_221.patch,7,17,0
Math,20,math20_Seed3_r_1_221.patch,8,13,0
Math,20,math20_Seed3_r_1_221.patch,9,12,0
Math,20,math20_Seed3_r_1_221.patch,10,11,0
Math,20,math20_Seed5_d_3.patch,1,12,0
Math,20,math20_Seed5_d_3.patch,2,13,0
Math,20,math20_Seed5_d_3.patch,3,16,1
Math,20,math20_Seed5_d_3.patch,4,10,0
Math,20,math20_Seed5_d_3.patch,5,14,0
Math,20,math20_Seed5_d_3.patch,6,17,0
Math,20,math20_Seed5_d_3.patch,7,17,0
Math,20,math20_Seed5_d_3.patch,8,13,0
Math,20,math20_Seed5_d_3.patch,9,12,0
Math,20,math20_Seed5_d_3.patch,10,11,0
Math,24,math24_Seed16_a_119_66.patch,1,6,0
Math,24,math24_Seed16_a_119_66.patch,2,8,3
Math,24,math24_Seed16_a_119_66.patch,3,8,3
Math,24,math24_Seed16_a_119_66.patch,4,8,3
Math,24,math24_Seed16_a_119_66.patch,5,7,0
Math,24,math24_Seed16_a_119_66.patch,6,7,0
Math,24,math24_Seed16_a_119_66.patch,7,6,1
Math,24,math24_Seed16_a_119_66.patch,8,6,1
Math,24,math24_Seed16_a_119_66.patch,9,6,1
Math,24,math24_Seed16_a_119_66.patch,10,6,1
Math,28,math28_Seed11_r_42_48.patch,1,4,1
Math,28,math28_Seed11_r_42_48.patch,2,5,0
Math,28,math28_Seed11_r_42_48.patch,3,5,1
Math,28,math28_Seed11_r_42_48.patch,4,3,1
Math,28,math28_Seed11_r_42_48.patch,5,5,1
Math,28,math28_Seed11_r_42_48.patch,6,3,0
Math,28,math28_Seed11_r_42_48.patch,7,7,1
Math,28,math28_Seed11_r_42_48.patch,8,4,0
Math,28,math28_Seed11_r_42_48.patch,9,4,0
Math,28,math28_Seed11_r_42_48.patch,10,5,1
Math,28,math28_Seed13_a_52_61.patch,1,4,1
Math,28,math28_Seed13_a_52_61.patch,2,5,0
Math,28,math28_Seed13_a_52_61.patch,3,5,1
Math,28,math28_Seed13_a_52_61.patch,4,3,0
Math,28,math28_Seed13_a_52_61.patch,5,5,1
Math,28,math28_Seed13_a_52_61.patch,6,3,0
Math,28,math28_Seed13_a_52_61.patch,7,7,1
Math,28,math28_Seed13_a_52_61.patch,8,4,0
Math,28,math28_Seed13_a_52_61.patch,9,4,0
Math,28,math28_Seed13_a_52_61.patch,10,5,1
Math,28,math28_Seed14_d_41.patch,1,4,1
Math,28,math28_Seed14_d_41.patch,2,5,0
Math,28,math28_Seed14_d_41.patch,3,5,1
Math,28,math28_Seed14_d_41.patch,4,3,1
Math,28,math28_Seed14_d_41.patch,5,5,1
Math,28,math28_Seed14_d_41.patch,6,3,0
Math,28,math28_Seed14_d_41.patch,7,7,0
Math,28,math28_Seed14_d_41.patch,8,4,1
Math,28,math28_Seed14_d_41.patch,9,4,0
Math,28,math28_Seed14_d_41.patch,10,5,0
Math,28,math28_Seed15_d_28.patch,1,4,1
Math,28,math28_Seed15_d_28.patch,2,5,0
Math,28,math28_Seed15_d_28.patch,3,5,1
Math,28,math28_Seed15_d_28.patch,4,3,1
Math,28,math28_Seed15_d_28.patch,5,5,1
Math,28,math28_Seed15_d_28.patch,6,3,0
Math,28,math28_Seed15_d_28.patch,7,7,1
Math,28,math28_Seed15_d_28.patch,8,4,0
Math,28,math28_Seed15_d_28.patch,9,4,0
Math,28,math28_Seed15_d_28.patch,10,5,1
Math,28,math28_Seed16_d_39.patch,1,4,1
Math,28,math28_Seed16_d_39.patch,2,5,0
Math,28,math28_Seed16_d_39.patch,3,5,1
Math,28,math28_Seed16_d_39.patch,4,3,1
Math,28,math28_Seed16_d_39.patch,5,5,1
Math,28,math28_Seed16_d_39.patch,6,3,0
Math,28,math28_Seed16_d_39.patch,7,7,1
Math,28,math28_Seed16_d_39.patch,8,4,0
Math,28,math28_Seed16_d_39.patch,9,4,0
Math,28,math28_Seed16_d_39.patch,10,5,1
Math,28,math28_Seed1_d_29.patch,1,4,1
Math,28,math28_Seed1_d_29.patch,2,5,0
Math,28,math28_Seed1_d_29.patch,3,5,1
Math,28,math28_Seed1_d_29.patch,4,3,1
Math,28,math28_Seed1_d_29.patch,5,5,1
Math,28,math28_Seed1_d_29.patch,6,3,0
Math,28,math28_Seed1_d_29.patch,7,7,1
Math,28,math28_Seed1_d_29.patch,8,4,0
Math,28,math28_Seed1_d_29.patch,9,4,0
Math,28,math28_Seed1_d_29.patch,10,5,1
Math,28,math28_Seed2_r_38_40.patch,1,4,1
Math,28,math28_Seed2_r_38_40.patch,2,5,0
Math,28,math28_Seed2_r_38_40.patch,3,5,1
Math,28,math28_Seed2_r_38_40.patch,4,3,0
Math,28,math28_Seed2_r_38_40.patch,5,5,1
Math,28,math28_Seed2_r_38_40.patch,6,3,0
Math,28,math28_Seed2_r_38_40.patch,7,7,1
Math,28,math28_Seed2_r_38_40.patch,8,4,0
Math,28,math28_Seed2_r_38_40.patch,9,4,0
Math,28,math28_Seed2_r_38_40.patch,10,5,1
Math,28,math28_Seed3_d_43.patch,1,4,1
Math,28,math28_Seed3_d_43.patch,2,5,0
Math,28,math28_Seed3_d_43.patch,3,5,1
Math,28,math28_Seed3_d_43.patch,4,3,1
Math,28,math28_Seed3_d_43.patch,5,5,1
Math,28,math28_Seed3_d_43.patch,6,3,0
Math,28,math28_Seed3_d_43.patch,7,7,0
Math,28,math28_Seed3_d_43.patch,8,4,1
Math,28,math28_Seed3_d_43.patch,9,4,0
Math,28,math28_Seed3_d_43.patch,10,5,0
Math,28,math28_Seed4_d_48.patch,1,4,1
Math,28,math28_Seed4_d_48.patch,2,5,0
Math,28,math28_Seed4_d_48.patch,3,5,1
Math,28,math28_Seed4_d_48.patch,4,3,1
Math,28,math28_Seed4_d_48.patch,5,5,1
Math,28,math28_Seed4_d_48.patch,6,3,0
Math,28,math28_Seed4_d_48.patch,7,7,0
Math,28,math28_Seed4_d_48.patch,8,4,1
Math,28,math28_Seed4_d_48.patch,9,4,0
Math,28,math28_Seed4_d_48.patch,10,5,0
Math,28,math28_Seed5_d_38.patch,1,4,1
Math,28,math28_Seed5_d_38.patch,2,5,0
Math,28,math28_Seed5_d_38.patch,3,5,1
Math,28,math28_Seed5_d_38.patch,4,3,1
Math,28,math28_Seed5_d_38.patch,5,5,1
Math,28,math28_Seed5_d_38.patch,6,3,0
Math,28,math28_Seed5_d_38.patch,7,7,1
Math,28,math28_Seed5_d_38.patch,8,4,0
Math,28,math28_Seed5_d_38.patch,9,4,0
Math,28,math28_Seed5_d_38.patch,10,5,1
Math,28,math28_Seed8_d_40.patch,1,4,1
Math,28,math28_Seed8_d_40.patch,2,5,0
Math,28,math28_Seed8_d_40.patch,3,5,1
Math,28,math28_Seed8_d_40.patch,4,3,1
Math,28,math28_Seed8_d_40.patch,5,5,1
Math,28,math28_Seed8_d_40.patch,6,3,0
Math,28,math28_Seed8_d_40.patch,7,7,0
Math,28,math28_Seed8_d_40.patch,8,4,1
Math,28,math28_Seed8_d_40.patch,9,4,0
Math,28,math28_Seed8_d_40.patch,10,5,0
Math,29,math29_Seed11_r_27_54.patch,1,43,12
Math,29,math29_Seed11_r_27_54.patch,2,47,9
Math,29,math29_Seed11_r_27_54.patch,3,45,17
Math,29,math29_Seed11_r_27_54.patch,4,43,23
Math,29,math29_Seed11_r_27_54.patch,5,44,7
Math,29,math29_Seed11_r_27_54.patch,6,44,13
Math,29,math29_Seed11_r_27_54.patch,7,44,21
Math,29,math29_Seed11_r_27_54.patch,8,41,26
Math,29,math29_Seed11_r_27_54.patch,9,44,4
Math,29,math29_Seed11_r_27_54.patch,10,45,16
Math,40,math40_Seed10_a_86_54.patch,1,14,3
Math,40,math40_Seed10_a_86_54.patch,2,14,1
Math,40,math40_Seed10_a_86_54.patch,3,15,4
Math,40,math40_Seed10_a_86_54.patch,4,14,0
Math,40,math40_Seed10_a_86_54.patch,5,15,1
Math,40,math40_Seed10_a_86_54.patch,6,15,0
Math,40,math40_Seed10_a_86_54.patch,7,14,1
Math,40,math40_Seed10_a_86_54.patch,8,16,0
Math,40,math40_Seed10_a_86_54.patch,9,15,1
Math,40,math40_Seed10_a_86_54.patch,10,16,0
Math,40,math40_Seed3_a_141_149.patch,1,14,2
Math,40,math40_Seed3_a_141_149.patch,2,14,1
Math,40,math40_Seed3_a_141_149.patch,3,15,4
Math,40,math40_Seed3_a_141_149.patch,4,14,2
Math,40,math40_Seed3_a_141_149.patch,5,15,1
Math,40,math40_Seed3_a_141_149.patch,6,15,0
Math,40,math40_Seed3_a_141_149.patch,7,14,1
Math,40,math40_Seed3_a_141_149.patch,8,16,1
Math,40,math40_Seed3_a_141_149.patch,9,15,3
Math,40,math40_Seed3_a_141_149.patch,10,16,0
Math,40,math40_Seed6_a_87_54.patch,1,14,3
Math,40,math40_Seed6_a_87_54.patch,2,14,1
Math,40,math40_Seed6_a_87_54.patch,3,15,4
Math,40,math40_Seed6_a_87_54.patch,4,14,0
Math,40,math40_Seed6_a_87_54.patch,5,15,1
Math,40,math40_Seed6_a_87_54.patch,6,15,0
Math,40,math40_Seed6_a_87_54.patch,7,14,1
Math,40,math40_Seed6_a_87_54.patch,8,16,0
Math,40,math40_Seed6_a_87_54.patch,9,15,1
Math,40,math40_Seed6_a_87_54.patch,10,16,0
Math,40,math40_Seed7_a_106_100.patch,1,14,3
Math,40,math40_Seed7_a_106_100.patch,2,14,1
Math,40,math40_Seed7_a_106_100.patch,3,15,4
Math,40,math40_Seed7_a_106_100.patch,4,14,2
Math,40,math40_Seed7_a_106_100.patch,5,15,1
Math,40,math40_Seed7_a_106_100.patch,6,15,0
Math,40,math40_Seed7_a_106_100.patch,7,14,1
Math,40,math40_Seed7_a_106_100.patch,8,16,1
Math,40,math40_Seed7_a_106_100.patch,9,15,3
Math,40,math40_Seed7_a_106_100.patch,10,16,0
Math,40,math40_Seed9_a_88_54.patch,1,14,3
Math,40,math40_Seed9_a_88_54.patch,2,14,1
Math,40,math40_Seed9_a_88_54.patch,3,15,4
Math,40,math40_Seed9_a_88_54.patch,4,14,1
Math,40,math40_Seed9_a_88_54.patch,5,15,1
Math,40,math40_Seed9_a_88_54.patch,6,15,0
Math,40,math40_Seed9_a_88_54.patch,7,14,1
Math,40,math40_Seed9_a_88_54.patch,8,16,0
Math,40,math40_Seed9_a_88_54.patch,9,15,3
Math,40,math40_Seed9_a_88_54.patch,10,16,1
Math,49,math49_Seed12_r_347_344.patch,1,46,4
Math,49,math49_Seed12_r_347_344.patch,2,50,4
Math,49,math49_Seed12_r_347_344.patch,3,49,3
Math,49,math49_Seed12_r_347_344.patch,4,49,6
Math,49,math49_Seed12_r_347_344.patch,5,51,4
Math,49,math49_Seed12_r_347_344.patch,6,47,5
Math,49,math49_Seed12_r_347_344.patch,7,44,6
Math,49,math49_Seed12_r_347_344.patch,8,51,3
Math,49,math49_Seed12_r_347_344.patch,9,48,4
Math,49,math49_Seed12_r_347_344.patch,10,50,5
Math,50,math50_Seed11_r_59_45.patch,1,13,0
Math,50,math50_Seed11_r_59_45.patch,2,13,0
Math,50,math50_Seed11_r_59_45.patch,3,13,1
Math,50,math50_Seed11_r_59_45.patch,4,14,0
Math,50,math50_Seed11_r_59_45.patch,5,13,0
Math,50,math50_Seed11_r_59_45.patch,6,14,0
Math,50,math50_Seed11_r_59_45.patch,7,13,0
Math,50,math50_Seed11_r_59_45.patch,8,13,0
Math,50,math50_Seed11_r_59_45.patch,9,13,0
Math,50,math50_Seed11_r_59_45.patch,10,14,0
Math,50,math50_Seed12_r_58_2.patch,1,13,0
Math,50,math50_Seed12_r_58_2.patch,2,13,0
Math,50,math50_Seed12_r_58_2.patch,3,13,1
Math,50,math50_Seed12_r_58_2.patch,4,14,0
Math,50,math50_Seed12_r_58_2.patch,5,13,0
Math,50,math50_Seed12_r_58_2.patch,6,14,0
Math,50,math50_Seed12_r_58_2.patch,7,13,0
Math,50,math50_Seed12_r_58_2.patch,8,13,0
Math,50,math50_Seed12_r_58_2.patch,9,13,0
Math,50,math50_Seed12_r_58_2.patch,10,14,0
Math,50,math50_Seed14_r_58_50.patch,1,13,0
Math,50,math50_Seed14_r_58_50.patch,2,13,0
Math,50,math50_Seed14_r_58_50.patch,3,13,0
Math,50,math50_Seed14_r_58_50.patch,4,14,0
Math,50,math50_Seed14_r_58_50.patch,5,13,0
Math,50,math50_Seed14_r_58_50.patch,6,14,0
Math,50,math50_Seed14_r_58_50.patch,7,13,0
Math,50,math50_Seed14_r_58_50.patch,8,13,0
Math,50,math50_Seed14_r_58_50.patch,9,13,0
Math,50,math50_Seed14_r_58_50.patch,10,14,0
Math,50,math50_Seed17_r_57_51.patch,1,13,0
Math,50,math50_Seed17_r_57_51.patch,2,13,0
Math,50,math50_Seed17_r_57_51.patch,3,13,0
Math,50,math50_Seed17_r_57_51.patch,4,14,0
Math,50,math50_Seed17_r_57_51.patch,5,13,0
Math,50,math50_Seed17_r_57_51.patch,6,14,0
Math,50,math50_Seed17_r_57_51.patch,7,13,0
Math,50,math50_Seed17_r_57_51.patch,8,13,0
Math,50,math50_Seed17_r_57_51.patch,9,13,0
Math,50,math50_Seed17_r_57_51.patch,10,14,0
Math,50,math50_Seed1_d_56.patch,1,13,0
Math,50,math50_Seed1_d_56.patch,2,13,0
Math,50,math50_Seed1_d_56.patch,3,13,0
Math,50,math50_Seed1_d_56.patch,4,14,0
Math,50,math50_Seed1_d_56.patch,5,13,0
Math,50,math50_Seed1_d_56.patch,6,14,0
Math,50,math50_Seed1_d_56.patch,7,13,0
Math,50,math50_Seed1_d_56.patch,8,13,0
Math,50,math50_Seed1_d_56.patch,9,13,0
Math,50,math50_Seed1_d_56.patch,10,14,0
Math,50,math50_Seed4_d_58.patch,1,13,0
Math,50,math50_Seed4_d_58.patch,2,13,0
Math,50,math50_Seed4_d_58.patch,3,13,0
Math,50,math50_Seed4_d_58.patch,4,14,0
Math,50,math50_Seed4_d_58.patch,5,13,0
Math,50,math50_Seed4_d_58.patch,6,14,0
Math,50,math50_Seed4_d_58.patch,7,13,0
Math,50,math50_Seed4_d_58.patch,8,13,0
Math,50,math50_Seed4_d_58.patch,9,13,0
Math,50,math50_Seed4_d_58.patch,10,14,0
Math,73,math73_Seed2_r_32_51.patch,1,15,1
Math,73,math73_Seed2_r_32_51.patch,2,15,1
Math,73,math73_Seed2_r_32_51.patch,3,14,1
Math,73,math73_Seed2_r_32_51.patch,4,14,1
Math,73,math73_Seed2_r_32_51.patch,5,15,1
Math,73,math73_Seed2_r_32_51.patch,6,13,1
Math,73,math73_Seed2_r_32_51.patch,7,13,1
Math,73,math73_Seed2_r_32_51.patch,8,16,1
Math,73,math73_Seed2_r_32_51.patch,9,15,1
Math,73,math73_Seed2_r_32_51.patch,10,14,1
Math,7,math7_Seed20_a_15_5.patch,1,14,0
Math,7,math7_Seed20_a_15_5.patch,2,14,0
Math,7,math7_Seed20_a_15_5.patch,3,15,0
Math,7,math7_Seed20_a_15_5.patch,4,13,0
Math,7,math7_Seed20_a_15_5.patch,5,17,0
Math,7,math7_Seed20_a_15_5.patch,6,13,0
Math,7,math7_Seed20_a_15_5.patch,7,15,0
Math,7,math7_Seed20_a_15_5.patch,8,14,0
Math,7,math7_Seed20_a_15_5.patch,9,13,0
Math,7,math7_Seed20_a_15_5.patch,10,16,0
Math,7,math7_Seed2_a_15_31.patch,1,14,0
Math,7,math7_Seed2_a_15_31.patch,2,14,0
Math,7,math7_Seed2_a_15_31.patch,3,15,0
Math,7,math7_Seed2_a_15_31.patch,4,13,0
Math,7,math7_Seed2_a_15_31.patch,5,17,0
Math,7,math7_Seed2_a_15_31.patch,6,13,0
Math,7,math7_Seed2_a_15_31.patch,7,15,0
Math,7,math7_Seed2_a_15_31.patch,8,14,0
Math,7,math7_Seed2_a_15_31.patch,9,13,0
Math,7,math7_Seed2_a_15_31.patch,10,16,0
Math,80,math80_Seed10_r_535_9.patch,1,28,0
Math,80,math80_Seed10_r_535_9.patch,2,27,0
Math,80,math80_Seed10_r_535_9.patch,3,28,0
Math,80,math80_Seed10_r_535_9.patch,4,28,0
Math,80,math80_Seed10_r_535_9.patch,5,25,1
Math,80,math80_Seed10_r_535_9.patch,6,24,0
Math,80,math80_Seed10_r_535_9.patch,7,26,3
Math,80,math80_Seed10_r_535_9.patch,8,24,1
Math,80,math80_Seed10_r_535_9.patch,9,27,0
Math,80,math80_Seed10_r_535_9.patch,10,30,0
Math,80,math80_Seed11_r_537_774.patch,1,28,0
Math,80,math80_Seed11_r_537_774.patch,2,27,0
Math,80,math80_Seed11_r_537_774.patch,3,28,0
Math,80,math80_Seed11_r_537_774.patch,4,28,0
Math,80,math80_Seed11_r_537_774.patch,5,25,1
Math,80,math80_Seed11_r_537_774.patch,6,24,0
Math,80,math80_Seed11_r_537_774.patch,7,26,3
Math,80,math80_Seed11_r_537_774.patch,8,24,1
Math,80,math80_Seed11_r_537_774.patch,9,27,0
Math,80,math80_Seed11_r_537_774.patch,10,30,0
Math,80,math80_Seed12_r_347_392.patch,1,28,0
Math,80,math80_Seed12_r_347_392.patch,2,27,0
Math,80,math80_Seed12_r_347_392.patch,3,28,0
Math,80,math80_Seed12_r_347_392.patch,4,28,0
Math,80,math80_Seed12_r_347_392.patch,5,25,1
Math,80,math80_Seed12_r_347_392.patch,6,24,0
Math,80,math80_Seed12_r_347_392.patch,7,26,2
Math,80,math80_Seed12_r_347_392.patch,8,24,1
Math,80,math80_Seed12_r_347_392.patch,9,27,0
Math,80,math80_Seed12_r_347_392.patch,10,30,0
Math,80,math80_Seed14_r_538_859.patch,1,28,0
Math,80,math80_Seed14_r_538_859.patch,2,27,0
Math,80,math80_Seed14_r_538_859.patch,3,28,0
Math,80,math80_Seed14_r_538_859.patch,4,28,0
Math,80,math80_Seed14_r_538_859.patch,5,25,1
Math,80,math80_Seed14_r_538_859.patch,6,24,0
Math,80,math80_Seed14_r_538_859.patch,7,26,3
Math,80,math80_Seed14_r_538_859.patch,8,24,1
Math,80,math80_Seed14_r_538_859.patch,9,27,0
Math,80,math80_Seed14_r_538_859.patch,10,30,0
Math,80,math80_Seed15_r_535_905.patch,1,28,0
Math,80,math80_Seed15_r_535_905.patch,2,27,0
Math,80,math80_Seed15_r_535_905.patch,3,28,0
Math,80,math80_Seed15_r_535_905.patch,4,28,0
Math,80,math80_Seed15_r_535_905.patch,5,25,1
Math,80,math80_Seed15_r_535_905.patch,6,24,0
Math,80,math80_Seed15_r_535_905.patch,7,26,3
Math,80,math80_Seed15_r_535_905.patch,8,24,1
Math,80,math80_Seed15_r_535_905.patch,9,27,0
Math,80,math80_Seed15_r_535_905.patch,10,30,0
Math,80,math80_Seed17_r_536_38.patch,1,28,0
Math,80,math80_Seed17_r_536_38.patch,2,27,0
Math,80,math80_Seed17_r_536_38.patch,3,28,0
Math,80,math80_Seed17_r_536_38.patch,4,28,0
Math,80,math80_Seed17_r_536_38.patch,5,25,1
Math,80,math80_Seed17_r_536_38.patch,6,24,0
Math,80,math80_Seed17_r_536_38.patch,7,26,3
Math,80,math80_Seed17_r_536_38.patch,8,24,1
Math,80,math80_Seed17_r_536_38.patch,9,27,0
Math,80,math80_Seed17_r_536_38.patch,10,30,0
Math,80,math80_Seed18_r_536_642.patch,1,28,0
Math,80,math80_Seed18_r_536_642.patch,2,27,0
Math,80,math80_Seed18_r_536_642.patch,3,28,0
Math,80,math80_Seed18_r_536_642.patch,4,28,0
Math,80,math80_Seed18_r_536_642.patch,5,25,1
Math,80,math80_Seed18_r_536_642.patch,6,24,0
Math,80,math80_Seed18_r_536_642.patch,7,26,3
Math,80,math80_Seed18_r_536_642.patch,8,24,1
Math,80,math80_Seed18_r_536_642.patch,9,27,0
Math,80,math80_Seed18_r_536_642.patch,10,30,0
Math,80,math80_Seed19_r_536_517.patch,1,28,0
Math,80,math80_Seed19_r_536_517.patch,2,27,0
Math,80,math80_Seed19_r_536_517.patch,3,28,0
Math,80,math80_Seed19_r_536_517.patch,4,28,0
Math,80,math80_Seed19_r_536_517.patch,5,25,1
Math,80,math80_Seed19_r_536_517.patch,6,24,0
Math,80,math80_Seed19_r_536_517.patch,7,26,3
Math,80,math80_Seed19_r_536_517.patch,8,24,1
Math,80,math80_Seed19_r_536_517.patch,9,27,0
Math,80,math80_Seed19_r_536_517.patch,10,30,0
Math,80,math80_Seed1_d_536.patch,1,28,0
Math,80,math80_Seed1_d_536.patch,2,27,0
Math,80,math80_Seed1_d_536.patch,3,28,0
Math,80,math80_Seed1_d_536.patch,4,28,0
Math,80,math80_Seed1_d_536.patch,5,25,1
Math,80,math80_Seed1_d_536.patch,6,24,0
Math,80,math80_Seed1_d_536.patch,7,26,3
Math,80,math80_Seed1_d_536.patch,8,24,1
Math,80,math80_Seed1_d_536.patch,9,27,0
Math,80,math80_Seed1_d_536.patch,10,30,0
Math,80,math80_Seed2_r_537_772.patch,1,28,0
Math,80,math80_Seed2_r_537_772.patch,2,27,0
Math,80,math80_Seed2_r_537_772.patch,3,28,0
Math,80,math80_Seed2_r_537_772.patch,4,28,0
Math,80,math80_Seed2_r_537_772.patch,5,25,1
Math,80,math80_Seed2_r_537_772.patch,6,24,0
Math,80,math80_Seed2_r_537_772.patch,7,26,3
Math,80,math80_Seed2_r_537_772.patch,8,24,1
Math,80,math80_Seed2_r_537_772.patch,9,27,0
Math,80,math80_Seed2_r_537_772.patch,10,30,0
Math,80,math80_Seed3_d_535.patch,1,28,0
Math,80,math80_Seed3_d_535.patch,2,27,0
Math,80,math80_Seed3_d_535.patch,3,28,0
Math,80,math80_Seed3_d_535.patch,4,28,0
Math,80,math80_Seed3_d_535.patch,5,25,1
Math,80,math80_Seed3_d_535.patch,6,24,0
Math,80,math80_Seed3_d_535.patch,7,26,3
Math,80,math80_Seed3_d_535.patch,8,24,1
Math,80,math80_Seed3_d_535.patch,9,27,0
Math,80,math80_Seed3_d_535.patch,10,30,0
Math,80,math80_Seed7_r_536_510.patch,1,28,0
Math,80,math80_Seed7_r_536_510.patch,2,27,0
Math,80,math80_Seed7_r_536_510.patch,3,28,0
Math,80,math80_Seed7_r_536_510.patch,4,28,0
Math,80,math80_Seed7_r_536_510.patch,5,25,1
Math,80,math80_Seed7_r_536_510.patch,6,24,0
Math,80,math80_Seed7_r_536_510.patch,7,26,3
Math,80,math80_Seed7_r_536_510.patch,8,24,1
Math,80,math80_Seed7_r_536_510.patch,9,27,0
Math,80,math80_Seed7_r_536_510.patch,10,30,0
Math,80,math80_Seed9_d_538.patch,1,28,0
Math,80,math80_Seed9_d_538.patch,2,27,0
Math,80,math80_Seed9_d_538.patch,3,28,0
Math,80,math80_Seed9_d_538.patch,4,28,0
Math,80,math80_Seed9_d_538.patch,5,25,1
Math,80,math80_Seed9_d_538.patch,6,24,0
Math,80,math80_Seed9_d_538.patch,7,26,3
Math,80,math80_Seed9_d_538.patch,8,24,1
Math,80,math80_Seed9_d_538.patch,9,27,0
Math,80,math80_Seed9_d_538.patch,10,30,0
Math,81,math81_Seed12_r_819_351.patch,1,28,1
Math,81,math81_Seed12_r_819_351.patch,2,29,2
Math,81,math81_Seed12_r_819_351.patch,3,29,2
Math,81,math81_Seed12_r_819_351.patch,4,29,2
Math,81,math81_Seed12_r_819_351.patch,5,26,1
Math,81,math81_Seed12_r_819_351.patch,6,26,1
Math,81,math81_Seed12_r_819_351.patch,7,28,1
Math,81,math81_Seed12_r_819_351.patch,8,27,1
Math,81,math81_Seed12_r_819_351.patch,9,24,0
Math,81,math81_Seed12_r_819_351.patch,10,28,0
Math,81,math81_Seed13_r_831_224.patch,1,28,0
Math,81,math81_Seed13_r_831_224.patch,2,29,0
Math,81,math81_Seed13_r_831_224.patch,3,29,0
Math,81,math81_Seed13_r_831_224.patch,4,29,0
Math,81,math81_Seed13_r_831_224.patch,5,26,0
Math,81,math81_Seed13_r_831_224.patch,6,26,0
Math,81,math81_Seed13_r_831_224.patch,7,28,0
Math,81,math81_Seed13_r_831_224.patch,8,27,0
Math,81,math81_Seed13_r_831_224.patch,9,24,0
Math,81,math81_Seed13_r_831_224.patch,10,28,0
Math,81,math81_Seed19_r_819_611.patch,1,28,1
Math,81,math81_Seed19_r_819_611.patch,2,29,2
Math,81,math81_Seed19_r_819_611.patch,3,29,2
Math,81,math81_Seed19_r_819_611.patch,4,29,2
Math,81,math81_Seed19_r_819_611.patch,5,26,2
Math,81,math81_Seed19_r_819_611.patch,6,26,3
Math,81,math81_Seed19_r_819_611.patch,7,28,1
Math,81,math81_Seed19_r_819_611.patch,8,27,1
Math,81,math81_Seed19_r_819_611.patch,9,24,0
Math,81,math81_Seed19_r_819_611.patch,10,28,0
Math,81,math81_Seed1_d_831.patch,1,28,0
Math,81,math81_Seed1_d_831.patch,2,29,0
Math,81,math81_Seed1_d_831.patch,3,29,0
Math,81,math81_Seed1_d_831.patch,4,29,0
Math,81,math81_Seed1_d_831.patch,5,26,0
Math,81,math81_Seed1_d_831.patch,6,26,0
Math,81,math81_Seed1_d_831.patch,7,28,0
Math,81,math81_Seed1_d_831.patch,8,27,0
Math,81,math81_Seed1_d_831.patch,9,24,0
Math,81,math81_Seed1_d_831.patch,10,28,0
Math,81,math81_Seed4_d_784.patch,1,28,0
Math,81,math81_Seed4_d_784.patch,2,29,0
Math,81,math81_Seed4_d_784.patch,3,29,0
Math,81,math81_Seed4_d_784.patch,4,29,0
Math,81,math81_Seed4_d_784.patch,5,26,0
Math,81,math81_Seed4_d_784.patch,6,26,0
Math,81,math81_Seed4_d_784.patch,7,28,0
Math,81,math81_Seed4_d_784.patch,8,27,0
Math,81,math81_Seed4_d_784.patch,9,24,0
Math,81,math81_Seed4_d_784.patch,10,28,2
Math,81,math81_Seed5_r_833_522.patch,1,28,0
Math,81,math81_Seed5_r_833_522.patch,2,29,0
Math,81,math81_Seed5_r_833_522.patch,3,29,0
Math,81,math81_Seed5_r_833_522.patch,4,29,0
Math,81,math81_Seed5_r_833_522.patch,5,26,0
Math,81,math81_Seed5_r_833_522.patch,6,26,0
Math,81,math81_Seed5_r_833_522.patch,7,28,0
Math,81,math81_Seed5_r_833_522.patch,8,27,0
Math,81,math81_Seed5_r_833_522.patch,9,24,0
Math,81,math81_Seed5_r_833_522.patch,10,28,0
Math,81,math81_Seed6_d_833.patch,1,28,0
Math,81,math81_Seed6_d_833.patch,2,29,0
Math,81,math81_Seed6_d_833.patch,3,29,0
Math,81,math81_Seed6_d_833.patch,4,29,0
Math,81,math81_Seed6_d_833.patch,5,26,0
Math,81,math81_Seed6_d_833.patch,6,26,0
Math,81,math81_Seed6_d_833.patch,7,28,0
Math,81,math81_Seed6_d_833.patch,8,27,0
Math,81,math81_Seed6_d_833.patch,9,24,0
Math,81,math81_Seed6_d_833.patch,10,28,0
Math,81,math81_Seed7_r_833_766.patch,1,28,0
Math,81,math81_Seed7_r_833_766.patch,2,29,2
Math,81,math81_Seed7_r_833_766.patch,3,29,2
Math,81,math81_Seed7_r_833_766.patch,4,29,2
Math,81,math81_Seed7_r_833_766.patch,5,26,0
Math,81,math81_Seed7_r_833_766.patch,6,26,0
Math,81,math81_Seed7_r_833_766.patch,7,28,1
Math,81,math81_Seed7_r_833_766.patch,8,27,0
Math,81,math81_Seed7_r_833_766.patch,9,24,0
Math,81,math81_Seed7_r_833_766.patch,10,28,0
Math,81,math81_Seed8_r_833_811.patch,1,28,1
Math,81,math81_Seed8_r_833_811.patch,2,29,0
Math,81,math81_Seed8_r_833_811.patch,3,29,0
Math,81,math81_Seed8_r_833_811.patch,4,29,0
Math,81,math81_Seed8_r_833_811.patch,5,26,0
Math,81,math81_Seed8_r_833_811.patch,6,26,0
Math,81,math81_Seed8_r_833_811.patch,7,28,0
Math,81,math81_Seed8_r_833_811.patch,8,27,0
Math,81,math81_Seed8_r_833_811.patch,9,24,0
Math,81,math81_Seed8_r_833_811.patch,10,28,0
Math,82,math82_Seed1_d_11.patch,1,4,0
Math,82,math82_Seed1_d_11.patch,2,4,0
Math,82,math82_Seed1_d_11.patch,3,4,0
Math,82,math82_Seed1_d_11.patch,4,5,0
Math,82,math82_Seed1_d_11.patch,5,4,0
Math,82,math82_Seed1_d_11.patch,6,4,0
Math,82,math82_Seed1_d_11.patch,7,5,0
Math,82,math82_Seed1_d_11.patch,8,4,0
Math,82,math82_Seed1_d_11.patch,9,4,0
Math,82,math82_Seed1_d_11.patch,10,5,0
Math,85,math85_Seed16_r_36_16.patch,1,9,1
Math,85,math85_Seed16_r_36_16.patch,2,9,0
Math,85,math85_Seed16_r_36_16.patch,3,9,1
Math,85,math85_Seed16_r_36_16.patch,4,9,1
Math,85,math85_Seed16_r_36_16.patch,5,9,1
Math,85,math85_Seed16_r_36_16.patch,6,9,1
Math,85,math85_Seed16_r_36_16.patch,7,9,1
Math,85,math85_Seed16_r_36_16.patch,8,9,1
Math,85,math85_Seed16_r_36_16.patch,9,9,1
Math,85,math85_Seed16_r_36_16.patch,10,9,1
Math,85,math85_Seed1_d_36.patch,1,9,1
Math,85,math85_Seed1_d_36.patch,2,9,0
Math,85,math85_Seed1_d_36.patch,3,9,1
Math,85,math85_Seed1_d_36.patch,4,9,1
Math,85,math85_Seed1_d_36.patch,5,9,1
Math,85,math85_Seed1_d_36.patch,6,9,1
Math,85,math85_Seed1_d_36.patch,7,9,1
Math,85,math85_Seed1_d_36.patch,8,9,1
Math,85,math85_Seed1_d_36.patch,9,9,1
Math,85,math85_Seed1_d_36.patch,10,9,1
Math,85,math85_Seed9_d_34.patch,1,9,1
Math,85,math85_Seed9_d_34.patch,2,9,0
Math,85,math85_Seed9_d_34.patch,3,9,1
Math,85,math85_Seed9_d_34.patch,4,9,1
Math,85,math85_Seed9_d_34.patch,5,9,1
Math,85,math85_Seed9_d_34.patch,6,9,1
Math,85,math85_Seed9_d_34.patch,7,9,1
Math,85,math85_Seed9_d_34.patch,8,9,1
Math,85,math85_Seed9_d_34.patch,9,9,1
Math,85,math85_Seed9_d_34.patch,10,9,1
Math,8,math8_Seed11_r_46_42.patch,1,6,0
Math,8,math8_Seed11_r_46_42.patch,2,6,0
Math,8,math8_Seed11_r_46_42.patch,3,6,0
Math,8,math8_Seed11_r_46_42.patch,4,6,1
Math,8,math8_Seed11_r_46_42.patch,5,6,1
Math,8,math8_Seed11_r_46_42.patch,6,6,0
Math,8,math8_Seed11_r_46_42.patch,7,6,1
Math,8,math8_Seed11_r_46_42.patch,8,6,0
Math,8,math8_Seed11_r_46_42.patch,9,7,0
Math,8,math8_Seed11_r_46_42.patch,10,7,0
Math,8,math8_Seed1_d_46.patch,1,6,0
Math,8,math8_Seed1_d_46.patch,2,6,0
Math,8,math8_Seed1_d_46.patch,3,6,0
Math,8,math8_Seed1_d_46.patch,4,6,1
Math,8,math8_Seed1_d_46.patch,5,6,1
Math,8,math8_Seed1_d_46.patch,6,6,0
Math,8,math8_Seed1_d_46.patch,7,6,1
Math,8,math8_Seed1_d_46.patch,8,6,0
Math,8,math8_Seed1_d_46.patch,9,7,0
Math,8,math8_Seed1_d_46.patch,10,7,0
Math,95,math95_Seed1_a_29_7.patch,1,6,1
Math,95,math95_Seed1_a_29_7.patch,2,6,0
Math,95,math95_Seed1_a_29_7.patch,3,5,0
Math,95,math95_Seed1_a_29_7.patch,4,6,1
Math,95,math95_Seed1_a_29_7.patch,5,10,1
Math,95,math95_Seed1_a_29_7.patch,6,10,1
Math,95,math95_Seed1_a_29_7.patch,7,6,0
Math,95,math95_Seed1_a_29_7.patch,8,10,1
Math,95,math95_Seed1_a_29_7.patch,9,6,1
Math,95,math95_Seed1_a_29_7.patch,10,9,1
Math,95,math95_Seed2_a_29_8.patch,1,6,1
Math,95,math95_Seed2_a_29_8.patch,2,6,0
Math,95,math95_Seed2_a_29_8.patch,3,5,0
Math,95,math95_Seed2_a_29_8.patch,4,6,1
Math,95,math95_Seed2_a_29_8.patch,5,10,1
Math,95,math95_Seed2_a_29_8.patch,6,10,1
Math,95,math95_Seed2_a_29_8.patch,7,6,0
Math,95,math95_Seed2_a_29_8.patch,8,10,1
Math,95,math95_Seed2_a_29_8.patch,9,6,1
Math,95,math95_Seed2_a_29_8.patch,10,9,1
Time,19,time19_Seed20_a_354_364.patch,1,46,0
Time,19,time19_Seed20_a_354_364.patch,2,42,0
Time,19,time19_Seed20_a_354_364.patch,3,43,0
Time,19,time19_Seed20_a_354_364.patch,4,41,0
Time,19,time19_Seed20_a_354_364.patch,5,44,0
Time,19,time19_Seed20_a_354_364.patch,6,44,0
Time,19,time19_Seed20_a_354_364.patch,7,45,0
Time,19,time19_Seed20_a_354_364.patch,8,45,0
Time,19,time19_Seed20_a_354_364.patch,9,43,0
Time,19,time19_Seed20_a_354_364.patch,10,44,0
